DateID,Start_date,Start_year,Start_month,Start_weekday,Start_day,End_date,End_year,End_month,End_weekday,End_day
DA0,2022-11-04,2022,11,4,4,2023-03-01,2023,3,2,1
DA1,2023-03-02,2023,3,3,2,2023-03-03,2023,3,4,3
DA2,2023-03-06,2023,3,0,6,2023-03-08,2023,3,2,8
DA3,2023-03-09,2023,3,3,9,2023-03-11,2023,3,5,11
DA4,2023-02-18,2023,2,5,18,2023-03-05,2023,3,6,5
DA5,2023-02-25,2023,2,5,25,2023-03-07,2023,3,1,7
DA6,2023-02-27,2023,2,0,27,2023-03-13,2023,3,0,13
DA7,2023-02-23,2023,2,3,23,2023-03-07,2023,3,1,7
DA8,2023-03-14,2023,3,1,14,2023-03-15,2023,3,2,15
DA9,2023-03-10,2023,3,4,10,2023-03-17,2023,3,4,17
DA10,2023-02-20,2023,2,0,20,2023-03-01,2023,3,2,1
DA11,2023-03-04,2023,3,5,4,2023-03-18,2023,3,5,18
DA12,2023-02-14,2023,2,1,14,2023-03-10,2023,3,4,10
DA13,2023-03-03,2023,3,4,3,2023-03-14,2023,3,1,14
DA14,2021-03-22,2021,3,0,22,2021-03-23,2021,3,1,23
DA15,2021-03-23,2021,3,1,23,2021-03-23,2021,3,1,23
DA16,2021-03-15,2021,3,0,15,2021-03-25,2021,3,3,25
DA17,2021-03-25,2021,3,3,25,2021-03-25,2021,3,3,25
DA18,2021-03-26,2021,3,4,26,2021-03-26,2021,3,4,26
DA19,2021-03-25,2021,3,3,25,2021-03-28,2021,3,6,28
DA20,2021-03-27,2021,3,5,27,2021-03-27,2021,3,5,27
DA21,2023-02-24,2023,2,4,24,2023-03-15,2023,3,2,15
DA22,2021-03-25,2021,3,3,25,2021-03-30,2021,3,1,30
DA23,2021-03-31,2021,3,2,31,2021-03-31,2021,3,2,31
DA24,2021-03-22,2021,3,0,22,2021-03-24,2021,3,2,24
DA25,2021-03-22,2021,3,0,22,2021-03-31,2021,3,2,31
DA26,2021-03-30,2021,3,1,30,2021-03-30,2021,3,1,30
DA27,2021-03-30,2021,3,1,30,2021-04-02,2021,4,4,2
DA28,2021-03-31,2021,3,2,31,2021-04-03,2021,4,5,3
DA29,2021-04-01,2021,4,3,1,2021-04-04,2021,4,6,4
DA30,2021-04-06,2021,4,1,6,2021-04-06,2021,4,1,6
DA31,2021-04-07,2021,4,2,7,2021-04-07,2021,4,2,7
DA32,2021-04-04,2021,4,6,4,2021-04-05,2021,4,0,5
DA33,2021-04-07,2021,4,2,7,2021-04-09,2021,4,4,9
DA34,2021-04-09,2021,4,4,9,2021-04-09,2021,4,4,9
DA35,2021-03-31,2021,3,2,31,2021-04-07,2021,4,2,7
DA36,2021-04-10,2021,4,5,10,2021-04-10,2021,4,5,10
DA37,2021-04-13,2021,4,1,13,2021-04-13,2021,4,1,13
DA38,2021-04-15,2021,4,3,15,2021-04-16,2021,4,4,16
DA39,2021-04-12,2021,4,0,12,2021-04-16,2021,4,4,16
DA40,2021-04-12,2021,4,0,12,2021-04-15,2021,4,3,15
DA41,2021-04-14,2021,4,2,14,2021-04-14,2021,4,2,14
DA42,2021-04-16,2021,4,4,16,2021-04-17,2021,4,5,17
DA43,2021-04-14,2021,4,2,14,2021-04-17,2021,4,5,17
DA44,2021-04-19,2021,4,0,19,2021-04-20,2021,4,1,20
DA45,2021-04-19,2021,4,0,19,2021-04-23,2021,4,4,23
DA46,2021-04-19,2021,4,0,19,2021-04-19,2021,4,0,19
DA47,2021-04-21,2021,4,2,21,2021-04-22,2021,4,3,22
DA48,2021-04-21,2021,4,2,21,2021-04-24,2021,4,5,24
DA49,2021-04-23,2021,4,4,23,2021-04-23,2021,4,4,23
DA50,2021-04-26,2021,4,0,26,2021-04-26,2021,4,0,26
DA51,2021-04-27,2021,4,1,27,2021-04-27,2021,4,1,27
DA52,2021-04-19,2021,4,0,19,2021-04-27,2021,4,1,27
DA53,2021-04-23,2021,4,4,23,2021-04-24,2021,4,5,24
DA54,2021-04-22,2021,4,3,22,2021-04-27,2021,4,1,27
DA55,2021-04-27,2021,4,1,27,2021-04-28,2021,4,2,28
DA56,2021-04-29,2021,4,3,29,2021-04-29,2021,4,3,29
DA57,2021-04-28,2021,4,2,28,2021-04-28,2021,4,2,28
DA58,2021-04-28,2021,4,2,28,2021-04-29,2021,4,3,29
DA59,2021-04-29,2021,4,3,29,2021-04-30,2021,4,4,30
DA60,2021-04-27,2021,4,1,27,2021-04-30,2021,4,4,30
DA61,2021-04-30,2021,4,4,30,2021-04-30,2021,4,4,30
DA62,2021-05-01,2021,5,5,1,2021-05-01,2021,5,5,1
DA63,2021-05-04,2021,5,1,4,2021-05-04,2021,5,1,4
DA64,2021-04-30,2021,4,4,30,2021-05-03,2021,5,0,3
DA65,2021-04-28,2021,4,2,28,2021-05-05,2021,5,2,5
DA66,2021-05-05,2021,5,2,5,2021-05-05,2021,5,2,5
DA67,2021-04-28,2021,4,2,28,2021-05-02,2021,5,6,2
DA68,2021-05-03,2021,5,0,3,2021-05-05,2021,5,2,5
DA69,2021-05-05,2021,5,2,5,2021-05-06,2021,5,3,6
DA70,2021-05-06,2021,5,3,6,2021-05-08,2021,5,5,8
DA71,2021-04-07,2021,4,2,7,2021-05-07,2021,5,4,7
DA72,2021-05-10,2021,5,0,10,2021-05-12,2021,5,2,12
DA73,2021-05-10,2021,5,0,10,2021-05-10,2021,5,0,10
DA74,2021-05-10,2021,5,0,10,2021-05-11,2021,5,1,11
DA75,2021-05-11,2021,5,1,11,2021-05-12,2021,5,2,12
DA76,2021-05-09,2021,5,6,9,2021-05-09,2021,5,6,9
DA77,2021-05-11,2021,5,1,11,2021-05-11,2021,5,1,11
DA78,2021-05-13,2021,5,3,13,2021-05-13,2021,5,3,13
DA79,2021-05-12,2021,5,2,12,2021-05-12,2021,5,2,12
DA80,2021-05-12,2021,5,2,12,2021-05-13,2021,5,3,13
DA81,2021-05-13,2021,5,3,13,2021-05-14,2021,5,4,14
DA82,2021-05-06,2021,5,3,6,2021-05-13,2021,5,3,13
DA83,2021-05-14,2021,5,4,14,2021-05-14,2021,5,4,14
DA84,2021-05-17,2021,5,0,17,2021-05-17,2021,5,0,17
DA85,2021-05-14,2021,5,4,14,2021-05-15,2021,5,5,15
DA86,2021-05-18,2021,5,1,18,2021-05-18,2021,5,1,18
DA87,2021-05-12,2021,5,2,12,2021-05-14,2021,5,4,14
DA88,2021-05-20,2021,5,3,20,2021-05-20,2021,5,3,20
DA89,2021-05-21,2021,5,4,21,2021-05-21,2021,5,4,21
DA90,2021-05-20,2021,5,3,20,2021-05-22,2021,5,5,22
DA91,2021-05-17,2021,5,0,17,2021-05-19,2021,5,2,19
DA92,2021-05-24,2021,5,0,24,2021-05-24,2021,5,0,24
DA93,2021-05-26,2021,5,2,26,2021-05-27,2021,5,3,27
DA94,2021-05-23,2021,5,6,23,2021-05-24,2021,5,0,24
DA95,2021-02-22,2021,2,0,22,2021-05-22,2021,5,5,22
DA96,2021-05-20,2021,5,3,20,2021-05-25,2021,5,1,25
DA97,2021-05-23,2021,5,6,23,2021-05-25,2021,5,1,25
DA98,2021-05-25,2021,5,1,25,2021-05-25,2021,5,1,25
DA99,2021-05-27,2021,5,3,27,2021-05-28,2021,5,4,28
DA100,2021-04-14,2021,4,2,14,2021-05-28,2021,5,4,28
DA101,2021-05-31,2021,5,0,31,2021-05-31,2021,5,0,31
DA102,2021-05-28,2021,5,4,28,2021-05-29,2021,5,5,29
DA103,2021-05-28,2021,5,4,28,2021-05-28,2021,5,4,28
DA104,2021-05-28,2021,5,4,28,2021-06-01,2021,6,1,1
DA105,2021-06-01,2021,6,1,1,2021-06-01,2021,6,1,1
DA106,2021-06-01,2021,6,1,1,2021-06-04,2021,6,4,4
DA107,2021-05-31,2021,5,0,31,2021-06-03,2021,6,3,3
DA108,2021-06-02,2021,6,2,2,2021-06-03,2021,6,3,3
DA109,2021-06-08,2021,6,1,8,2021-06-08,2021,6,1,8
DA110,2021-06-06,2021,6,6,6,2021-06-07,2021,6,0,7
DA111,2021-06-07,2021,6,0,7,2021-06-08,2021,6,1,8
DA112,2021-06-07,2021,6,0,7,2021-06-09,2021,6,2,9
DA113,2021-06-03,2021,6,3,3,2021-06-03,2021,6,3,3
DA114,2021-06-02,2021,6,2,2,2021-06-02,2021,6,2,2
DA115,2021-06-10,2021,6,3,10,2021-06-10,2021,6,3,10
DA116,2021-06-09,2021,6,2,9,2021-06-09,2021,6,2,9
DA117,2021-06-11,2021,6,4,11,2021-06-12,2021,6,5,12
DA118,2021-06-09,2021,6,2,9,2021-06-12,2021,6,5,12
DA119,2021-06-10,2021,6,3,10,2021-06-11,2021,6,4,11
DA120,2021-06-13,2021,6,6,13,2021-06-13,2021,6,6,13
DA121,2021-06-11,2021,6,4,11,2021-06-13,2021,6,6,13
DA122,2021-06-14,2021,6,0,14,2021-06-14,2021,6,0,14
DA123,2021-06-12,2021,6,5,12,2021-06-13,2021,6,6,13
DA124,2021-06-15,2021,6,1,15,2021-06-15,2021,6,1,15
DA125,2021-06-16,2021,6,2,16,2021-06-17,2021,6,3,17
DA126,2021-06-11,2021,6,4,11,2021-06-14,2021,6,0,14
DA127,2021-06-16,2021,6,2,16,2021-06-16,2021,6,2,16
DA128,2021-06-17,2021,6,3,17,2021-06-18,2021,6,4,18
DA129,2021-06-15,2021,6,1,15,2021-06-20,2021,6,6,20
DA130,2021-06-21,2021,6,0,21,2021-06-23,2021,6,2,23
DA131,2021-06-21,2021,6,0,21,2021-06-22,2021,6,1,22
DA132,2021-06-18,2021,6,4,18,2021-06-18,2021,6,4,18
DA133,2021-06-08,2021,6,1,8,2021-06-22,2021,6,1,22
DA134,2021-06-15,2021,6,1,15,2021-06-17,2021,6,3,17
DA135,2021-06-23,2021,6,2,23,2021-06-23,2021,6,2,23
DA136,2021-06-21,2021,6,0,21,2021-06-24,2021,6,3,24
DA137,2021-06-22,2021,6,1,22,2021-06-24,2021,6,3,24
DA138,2021-06-23,2021,6,2,23,2021-06-28,2021,6,0,28
DA139,2021-06-18,2021,6,4,18,2021-06-23,2021,6,2,23
DA140,2021-06-24,2021,6,3,24,2021-06-25,2021,6,4,25
DA141,2021-06-02,2021,6,2,2,2021-07-01,2021,7,3,1
DA142,2021-07-05,2021,7,0,5,2021-07-05,2021,7,0,5
DA143,2021-06-18,2021,6,4,18,2021-07-05,2021,7,0,5
DA144,2021-07-08,2021,7,3,8,2021-07-09,2021,7,4,9
DA145,2021-07-11,2021,7,6,11,2021-07-11,2021,7,6,11
DA146,2021-07-10,2021,7,5,10,2021-07-12,2021,7,0,12
DA147,2021-07-06,2021,7,1,6,2021-07-09,2021,7,4,9
DA148,2021-06-25,2021,6,4,25,2021-07-09,2021,7,4,9
DA149,2021-07-08,2021,7,3,8,2021-07-10,2021,7,5,10
DA150,2021-07-16,2021,7,4,16,2021-07-16,2021,7,4,16
DA151,2021-07-13,2021,7,1,13,2021-07-16,2021,7,4,16
DA152,2021-07-18,2021,7,6,18,2021-07-18,2021,7,6,18
DA153,2021-07-20,2021,7,1,20,2021-07-20,2021,7,1,20
DA154,2021-07-06,2021,7,1,6,2021-07-24,2021,7,5,24
DA155,2021-07-13,2021,7,1,13,2021-07-23,2021,7,4,23
DA156,2021-07-21,2021,7,2,21,2021-07-21,2021,7,2,21
DA157,2021-07-16,2021,7,4,16,2021-07-23,2021,7,4,23
DA158,2021-07-26,2021,7,0,26,2021-07-26,2021,7,0,26
DA159,2021-07-27,2021,7,1,27,2021-07-28,2021,7,2,28
DA160,2021-07-27,2021,7,1,27,2021-07-27,2021,7,1,27
DA161,2021-07-26,2021,7,0,26,2021-07-28,2021,7,2,28
DA162,2021-06-01,2021,6,1,1,2021-08-01,2021,8,6,1
DA163,2021-08-04,2021,8,2,4,2021-08-04,2021,8,2,4
DA164,2021-07-28,2021,7,2,28,2021-07-28,2021,7,2,28
DA165,2021-07-27,2021,7,1,27,2021-08-04,2021,8,2,4
DA166,2021-07-15,2021,7,3,15,2021-07-29,2021,7,3,29
DA167,2021-08-05,2021,8,3,5,2021-08-05,2021,8,3,5
DA168,2021-08-10,2021,8,1,10,2021-08-12,2021,8,3,12
DA169,2021-08-02,2021,8,0,2,2021-08-06,2021,8,4,6
DA170,2021-08-12,2021,8,3,12,2021-08-13,2021,8,4,13
DA171,2021-08-07,2021,8,5,7,2021-08-09,2021,8,0,9
DA172,2021-08-04,2021,8,2,4,2021-08-14,2021,8,5,14
DA173,2021-08-16,2021,8,0,16,2021-08-17,2021,8,1,17
DA174,2021-08-10,2021,8,1,10,2021-08-17,2021,8,1,17
DA175,2021-08-05,2021,8,3,5,2021-08-06,2021,8,4,6
DA176,2021-08-19,2021,8,3,19,2021-08-19,2021,8,3,19
DA177,2021-08-17,2021,8,1,17,2021-08-19,2021,8,3,19
DA178,2021-08-16,2021,8,0,16,2021-08-18,2021,8,2,18
DA179,2021-08-17,2021,8,1,17,2021-08-18,2021,8,2,18
DA180,2021-08-18,2021,8,2,18,2021-08-18,2021,8,2,18
DA181,2021-08-24,2021,8,1,24,2021-08-26,2021,8,3,26
DA182,2021-08-23,2021,8,0,23,2021-08-24,2021,8,1,24
DA183,2021-08-24,2021,8,1,24,2021-08-27,2021,8,4,27
DA184,2021-08-22,2021,8,6,22,2021-08-27,2021,8,4,27
DA185,2021-08-27,2021,8,4,27,2021-08-28,2021,8,5,28
DA186,2021-08-25,2021,8,2,25,2021-08-29,2021,8,6,29
DA187,2021-08-30,2021,8,0,30,2021-08-30,2021,8,0,30
DA188,2021-09-01,2021,9,2,1,2021-09-01,2021,9,2,1
DA189,2021-08-27,2021,8,4,27,2021-08-27,2021,8,4,27
DA190,2021-08-26,2021,8,3,26,2021-08-31,2021,8,1,31
DA191,2021-09-01,2021,9,2,1,2021-09-02,2021,9,3,2
DA192,2021-08-23,2021,8,0,23,2021-09-01,2021,9,2,1
DA193,2021-08-24,2021,8,1,24,2021-09-01,2021,9,2,1
DA194,2021-08-30,2021,8,0,30,2021-09-05,2021,9,6,5
DA195,2021-08-29,2021,8,6,29,2021-09-02,2021,9,3,2
DA196,2021-09-07,2021,9,1,7,2021-09-07,2021,9,1,7
DA197,2021-08-03,2021,8,1,3,2021-09-06,2021,9,0,6
DA198,2021-09-05,2021,9,6,5,2021-09-07,2021,9,1,7
DA199,2021-09-06,2021,9,0,6,2021-09-08,2021,9,2,8
DA200,2021-09-08,2021,9,2,8,2021-09-08,2021,9,2,8
DA201,2021-09-06,2021,9,0,6,2021-09-06,2021,9,0,6
DA202,2021-09-08,2021,9,2,8,2021-09-09,2021,9,3,9
DA203,2021-09-03,2021,9,4,3,2021-09-09,2021,9,3,9
DA204,2021-09-08,2021,9,2,8,2021-09-11,2021,9,5,11
DA205,2021-09-07,2021,9,1,7,2021-09-09,2021,9,3,9
DA206,2021-09-09,2021,9,3,9,2021-09-10,2021,9,4,10
DA207,2021-09-11,2021,9,5,11,2021-09-12,2021,9,6,12
DA208,2021-09-10,2021,9,4,10,2021-09-12,2021,9,6,12
DA209,2021-09-13,2021,9,0,13,2021-09-14,2021,9,1,14
DA210,2021-09-14,2021,9,1,14,2021-09-15,2021,9,2,15
DA211,2021-09-08,2021,9,2,8,2021-09-15,2021,9,2,15
DA212,2021-09-09,2021,9,3,9,2021-09-15,2021,9,2,15
DA213,2021-09-09,2021,9,3,9,2021-09-17,2021,9,4,17
DA214,2021-09-01,2021,9,2,1,2021-09-15,2021,9,2,15
DA215,2021-09-13,2021,9,0,13,2021-09-16,2021,9,3,16
DA216,2021-09-16,2021,9,3,16,2021-09-16,2021,9,3,16
DA217,2021-09-13,2021,9,0,13,2021-09-15,2021,9,2,15
DA218,2021-09-13,2021,9,0,13,2021-09-20,2021,9,0,20
DA219,2021-09-14,2021,9,1,14,2021-09-18,2021,9,5,18
DA220,2021-09-19,2021,9,6,19,2021-09-20,2021,9,0,20
DA221,2021-09-20,2021,9,0,20,2021-09-20,2021,9,0,20
DA222,2021-08-20,2021,8,4,20,2021-09-18,2021,9,5,18
DA223,2021-06-01,2021,6,1,1,2021-09-22,2021,9,2,22
DA224,2021-09-20,2021,9,0,20,2021-09-21,2021,9,1,21
DA225,2021-09-17,2021,9,4,17,2021-09-17,2021,9,4,17
DA226,2021-09-18,2021,9,5,18,2021-09-22,2021,9,2,22
DA227,2021-09-21,2021,9,1,21,2021-09-22,2021,9,2,22
DA228,2021-09-14,2021,9,1,14,2021-09-22,2021,9,2,22
DA229,2021-09-22,2021,9,2,22,2021-09-24,2021,9,4,24
DA230,2021-09-20,2021,9,0,20,2021-09-22,2021,9,2,22
DA231,2021-09-20,2021,9,0,20,2021-09-23,2021,9,3,23
DA232,2021-09-21,2021,9,1,21,2021-09-23,2021,9,3,23
DA233,2021-09-23,2021,9,3,23,2021-09-25,2021,9,5,25
DA234,2021-09-27,2021,9,0,27,2021-09-28,2021,9,1,28
DA235,2021-09-23,2021,9,3,23,2021-09-27,2021,9,0,27
DA236,2021-09-28,2021,9,1,28,2021-09-29,2021,9,2,29
DA237,2021-09-22,2021,9,2,22,2021-09-27,2021,9,0,27
DA238,2021-09-29,2021,9,2,29,2021-09-29,2021,9,2,29
DA239,2021-09-28,2021,9,1,28,2021-09-28,2021,9,1,28
DA240,2021-10-01,2021,10,4,1,2021-10-01,2021,10,4,1
DA241,2021-09-24,2021,9,4,24,2021-09-25,2021,9,5,25
DA242,2021-09-29,2021,9,2,29,2021-09-30,2021,9,3,30
DA243,2021-09-24,2021,9,4,24,2021-10-01,2021,10,4,1
DA244,2021-09-27,2021,9,0,27,2021-10-01,2021,10,4,1
DA245,2021-06-30,2021,6,2,30,2021-10-01,2021,10,4,1
DA246,2021-09-23,2021,9,3,23,2021-09-30,2021,9,3,30
DA247,2021-09-30,2021,9,3,30,2021-10-03,2021,10,6,3
DA248,2021-10-05,2021,10,1,5,2021-10-06,2021,10,2,6
DA249,2021-09-28,2021,9,1,28,2021-10-01,2021,10,4,1
DA250,2021-10-01,2021,10,4,1,2021-10-04,2021,10,0,4
DA251,2021-09-30,2021,9,3,30,2021-10-05,2021,10,1,5
DA252,2021-09-01,2021,9,2,1,2021-10-05,2021,10,1,5
DA253,2021-10-04,2021,10,0,4,2021-10-04,2021,10,0,4
DA254,2021-10-06,2021,10,2,6,2021-10-07,2021,10,3,7
DA255,2021-09-30,2021,9,3,30,2021-10-08,2021,10,4,8
DA256,2021-10-02,2021,10,5,2,2021-10-08,2021,10,4,8
DA257,2021-10-07,2021,10,3,7,2021-10-09,2021,10,5,9
DA258,2021-10-05,2021,10,1,5,2021-10-09,2021,10,5,9
DA259,2021-10-05,2021,10,1,5,2021-10-08,2021,10,4,8
DA260,2021-10-01,2021,10,4,1,2021-10-07,2021,10,3,7
DA261,2021-10-08,2021,10,4,8,2021-10-08,2021,10,4,8
DA262,2021-10-12,2021,10,1,12,2021-10-12,2021,10,1,12
DA263,2021-10-07,2021,10,3,7,2021-10-12,2021,10,1,12
DA264,2021-10-08,2021,10,4,8,2021-10-13,2021,10,2,13
DA265,2021-10-11,2021,10,0,11,2021-10-12,2021,10,1,12
DA266,2021-10-11,2021,10,0,11,2021-10-15,2021,10,4,15
DA267,2021-10-14,2021,10,3,14,2021-10-18,2021,10,0,18
DA268,2021-09-26,2021,9,6,26,2021-10-15,2021,10,4,15
DA269,2021-10-13,2021,10,2,13,2021-10-14,2021,10,3,14
DA270,2021-10-15,2021,10,4,15,2021-10-15,2021,10,4,15
DA271,2021-10-12,2021,10,1,12,2021-10-18,2021,10,0,18
DA272,2021-10-13,2021,10,2,13,2021-10-13,2021,10,2,13
DA273,2021-10-16,2021,10,5,16,2021-10-18,2021,10,0,18
DA274,2021-10-14,2021,10,3,14,2021-10-19,2021,10,1,19
DA275,2021-10-21,2021,10,3,21,2021-10-21,2021,10,3,21
DA276,2021-10-14,2021,10,3,14,2021-10-21,2021,10,3,21
DA277,2021-10-22,2021,10,4,22,2021-10-22,2021,10,4,22
DA278,2021-10-21,2021,10,3,21,2021-10-22,2021,10,4,22
DA279,2021-10-19,2021,10,1,19,2021-10-21,2021,10,3,21
DA280,2021-10-13,2021,10,2,13,2021-10-20,2021,10,2,20
DA281,2021-10-23,2021,10,5,23,2021-10-27,2021,10,2,27
DA282,2021-10-25,2021,10,0,25,2021-10-26,2021,10,1,26
DA283,2021-10-21,2021,10,3,21,2021-10-24,2021,10,6,24
DA284,2021-10-26,2021,10,1,26,2021-10-26,2021,10,1,26
DA285,2021-10-24,2021,10,6,24,2021-10-30,2021,10,5,30
DA286,2021-10-26,2021,10,1,26,2021-10-27,2021,10,2,27
DA287,2021-10-28,2021,10,3,28,2021-10-31,2021,10,6,31
DA288,2021-10-29,2021,10,4,29,2021-10-30,2021,10,5,30
DA289,2021-10-27,2021,10,2,27,2021-10-31,2021,10,6,31
DA290,2021-10-21,2021,10,3,21,2021-10-28,2021,10,3,28
DA291,2021-10-27,2021,10,2,27,2021-10-27,2021,10,2,27
DA292,2021-10-31,2021,10,6,31,2021-10-31,2021,10,6,31
DA293,2021-10-26,2021,10,1,26,2021-10-31,2021,10,6,31
DA294,2021-11-01,2021,11,0,1,2021-11-02,2021,11,1,2
DA295,2021-10-31,2021,10,6,31,2021-11-01,2021,11,0,1
DA296,2021-11-04,2021,11,3,4,2021-11-04,2021,11,3,4
DA297,2021-11-01,2021,11,0,1,2021-11-03,2021,11,2,3
DA298,2021-11-01,2021,11,0,1,2021-11-04,2021,11,3,4
DA299,2021-10-28,2021,10,3,28,2021-11-01,2021,11,0,1
DA300,2021-10-28,2021,10,3,28,2021-11-05,2021,11,4,5
DA301,2021-11-02,2021,11,1,2,2021-11-05,2021,11,4,5
DA302,2021-11-05,2021,11,4,5,2021-11-05,2021,11,4,5
DA303,2021-11-08,2021,11,0,8,2021-11-08,2021,11,0,8
DA304,2021-11-07,2021,11,6,7,2021-11-08,2021,11,0,8
DA305,2021-11-03,2021,11,2,3,2021-11-06,2021,11,5,6
DA306,2021-11-06,2021,11,5,6,2021-11-06,2021,11,5,6
DA307,2021-11-09,2021,11,1,9,2021-11-10,2021,11,2,10
DA308,2021-11-06,2021,11,5,6,2021-11-11,2021,11,3,11
DA309,2021-11-10,2021,11,2,10,2021-11-11,2021,11,3,11
DA310,2021-11-04,2021,11,3,4,2021-11-05,2021,11,4,5
DA311,2021-11-03,2021,11,2,3,2021-11-09,2021,11,1,9
DA312,2021-11-12,2021,11,4,12,2021-11-12,2021,11,4,12
DA313,2021-11-08,2021,11,0,8,2021-11-11,2021,11,3,11
DA314,2021-11-12,2021,11,4,12,2021-11-13,2021,11,5,13
DA315,2021-11-10,2021,11,2,10,2021-11-12,2021,11,4,12
DA316,2021-11-12,2021,11,4,12,2021-11-14,2021,11,6,14
DA317,2021-11-08,2021,11,0,8,2021-11-13,2021,11,5,13
DA318,2021-11-16,2021,11,1,16,2021-11-16,2021,11,1,16
DA319,2021-10-31,2021,10,6,31,2021-11-18,2021,11,3,18
DA320,2021-11-08,2021,11,0,8,2021-11-17,2021,11,2,17
DA321,2021-11-14,2021,11,6,14,2021-11-16,2021,11,1,16
DA322,2021-11-06,2021,11,5,6,2021-11-16,2021,11,1,16
DA323,2021-11-18,2021,11,3,18,2021-11-18,2021,11,3,18
DA324,2021-11-10,2021,11,2,10,2021-11-17,2021,11,2,17
DA325,2021-11-15,2021,11,0,15,2021-11-18,2021,11,3,18
DA326,2021-11-16,2021,11,1,16,2021-11-19,2021,11,4,19
DA327,2021-11-05,2021,11,4,5,2021-11-18,2021,11,3,18
DA328,2021-11-17,2021,11,2,17,2021-11-18,2021,11,3,18
DA329,2021-11-19,2021,11,4,19,2021-11-19,2021,11,4,19
DA330,2021-11-16,2021,11,1,16,2021-11-18,2021,11,3,18
DA331,2021-11-18,2021,11,3,18,2021-11-21,2021,11,6,21
DA332,2021-11-18,2021,11,3,18,2021-11-19,2021,11,4,19
DA333,2021-11-20,2021,11,5,20,2021-11-22,2021,11,0,22
DA334,2021-11-17,2021,11,2,17,2021-11-21,2021,11,6,21
DA335,2021-11-19,2021,11,4,19,2021-11-22,2021,11,0,22
DA336,2021-11-17,2021,11,2,17,2021-11-19,2021,11,4,19
DA337,2021-11-20,2021,11,5,20,2021-11-23,2021,11,1,23
DA338,2021-11-22,2021,11,0,22,2021-11-23,2021,11,1,23
DA339,2021-11-23,2021,11,1,23,2021-11-23,2021,11,1,23
DA340,2021-11-16,2021,11,1,16,2021-11-23,2021,11,1,23
DA341,2021-11-24,2021,11,2,24,2021-11-24,2021,11,2,24
DA342,2021-11-22,2021,11,0,22,2021-11-24,2021,11,2,24
DA343,2021-11-25,2021,11,3,25,2021-11-25,2021,11,3,25
DA344,2021-11-04,2021,11,3,4,2021-11-24,2021,11,2,24
DA345,2021-11-27,2021,11,5,27,2021-11-27,2021,11,5,27
DA346,2021-11-24,2021,11,2,24,2021-11-26,2021,11,4,26
DA347,2021-10-29,2021,10,4,29,2021-11-27,2021,11,5,27
DA348,2021-11-17,2021,11,2,17,2021-11-26,2021,11,4,26
DA349,2021-11-26,2021,11,4,26,2021-11-26,2021,11,4,26
DA350,2021-11-30,2021,11,1,30,2021-11-30,2021,11,1,30
DA351,2021-11-22,2021,11,0,22,2021-11-28,2021,11,6,28
DA352,2021-11-24,2021,11,2,24,2021-11-27,2021,11,5,27
DA353,2021-11-15,2021,11,0,15,2021-11-30,2021,11,1,30
DA354,2021-11-22,2021,11,0,22,2021-11-30,2021,11,1,30
DA355,2021-11-29,2021,11,0,29,2021-11-30,2021,11,1,30
DA356,2021-11-30,2021,11,1,30,2021-12-01,2021,12,2,1
DA357,2021-11-29,2021,11,0,29,2021-12-01,2021,12,2,1
DA358,2021-11-26,2021,11,4,26,2021-12-01,2021,12,2,1
DA359,2021-11-05,2021,11,4,5,2021-12-01,2021,12,2,1
DA360,2021-12-01,2021,12,2,1,2021-12-01,2021,12,2,1
DA361,2021-11-24,2021,11,2,24,2021-12-01,2021,12,2,1
DA362,2021-11-27,2021,11,5,27,2021-12-02,2021,12,3,2
DA363,2021-11-26,2021,11,4,26,2021-12-02,2021,12,3,2
DA364,2021-12-01,2021,12,2,1,2021-12-02,2021,12,3,2
DA365,2021-11-30,2021,11,1,30,2021-12-02,2021,12,3,2
DA366,2021-11-29,2021,11,0,29,2021-12-02,2021,12,3,2
DA367,2021-11-25,2021,11,3,25,2021-12-02,2021,12,3,2
DA368,2021-11-09,2021,11,1,9,2021-12-01,2021,12,2,1
DA369,2021-12-01,2021,12,2,1,2021-12-03,2021,12,4,3
DA370,2021-11-19,2021,11,4,19,2021-12-03,2021,12,4,3
DA371,2021-12-01,2021,12,2,1,2021-12-04,2021,12,5,4
DA372,2021-12-02,2021,12,3,2,2021-12-02,2021,12,3,2
DA373,2021-12-06,2021,12,0,6,2021-12-06,2021,12,0,6
DA374,2021-11-24,2021,11,2,24,2021-12-08,2021,12,2,8
DA375,2021-12-06,2021,12,0,6,2021-12-07,2021,12,1,7
DA376,2021-11-22,2021,11,0,22,2021-12-07,2021,12,1,7
DA377,2021-12-04,2021,12,5,4,2021-12-05,2021,12,6,5
DA378,2021-12-01,2021,12,2,1,2021-12-08,2021,12,2,8
DA379,2021-12-07,2021,12,1,7,2021-12-08,2021,12,2,8
DA380,2021-12-08,2021,12,2,8,2021-12-09,2021,12,3,9
DA381,2021-12-07,2021,12,1,7,2021-12-07,2021,12,1,7
DA382,2021-12-08,2021,12,2,8,2021-12-08,2021,12,2,8
DA383,2021-12-06,2021,12,0,6,2021-12-09,2021,12,3,9
DA384,2021-12-09,2021,12,3,9,2021-12-09,2021,12,3,9
DA385,2021-11-26,2021,11,4,26,2021-12-13,2021,12,0,13
DA386,2021-12-09,2021,12,3,9,2021-12-12,2021,12,6,12
DA387,2021-12-09,2021,12,3,9,2021-12-10,2021,12,4,10
DA388,2021-12-09,2021,12,3,9,2021-12-11,2021,12,5,11
DA389,2021-12-06,2021,12,0,6,2021-12-10,2021,12,4,10
DA390,2021-12-13,2021,12,0,13,2021-12-13,2021,12,0,13
DA391,2021-12-12,2021,12,6,12,2021-12-14,2021,12,1,14
DA392,2021-12-07,2021,12,1,7,2021-12-14,2021,12,1,14
DA393,2021-11-11,2021,11,3,11,2021-12-11,2021,12,5,11
DA394,2021-12-13,2021,12,0,13,2021-12-14,2021,12,1,14
DA395,2021-12-14,2021,12,1,14,2021-12-14,2021,12,1,14
DA396,2021-11-16,2021,11,1,16,2021-12-15,2021,12,2,15
DA397,2021-12-07,2021,12,1,7,2021-12-15,2021,12,2,15
DA398,2021-12-14,2021,12,1,14,2021-12-15,2021,12,2,15
DA399,2021-12-16,2021,12,3,16,2021-12-17,2021,12,4,17
DA400,2021-11-05,2021,11,4,5,2021-12-16,2021,12,3,16
DA401,2021-12-16,2021,12,3,16,2021-12-16,2021,12,3,16
DA402,2021-12-15,2021,12,2,15,2021-12-16,2021,12,3,16
DA403,2021-12-14,2021,12,1,14,2021-12-18,2021,12,5,18
DA404,2021-12-12,2021,12,6,12,2021-12-15,2021,12,2,15
DA405,2021-12-14,2021,12,1,14,2021-12-17,2021,12,4,17
DA406,2021-12-13,2021,12,0,13,2021-12-17,2021,12,4,17
DA407,2021-12-17,2021,12,4,17,2021-12-17,2021,12,4,17
DA408,2021-12-14,2021,12,1,14,2021-12-19,2021,12,6,19
DA409,2021-12-15,2021,12,2,15,2021-12-19,2021,12,6,19
DA410,2021-12-16,2021,12,3,16,2021-12-19,2021,12,6,19
DA411,2021-12-13,2021,12,0,13,2021-12-19,2021,12,6,19
DA412,2021-12-17,2021,12,4,17,2021-12-20,2021,12,0,20
DA413,2021-12-16,2021,12,3,16,2021-12-23,2021,12,3,23
DA414,2021-12-20,2021,12,0,20,2021-12-21,2021,12,1,21
DA415,2021-12-18,2021,12,5,18,2021-12-19,2021,12,6,19
DA416,2021-12-22,2021,12,2,22,2021-12-22,2021,12,2,22
DA417,2021-12-19,2021,12,6,19,2021-12-23,2021,12,3,23
DA418,2021-11-27,2021,11,5,27,2021-12-28,2021,12,1,28
DA419,2021-12-22,2021,12,2,22,2021-12-27,2021,12,0,27
DA420,2021-12-27,2021,12,0,27,2021-12-27,2021,12,0,27
DA421,2021-12-10,2021,12,4,10,2021-12-24,2021,12,4,24
DA422,2021-12-29,2021,12,2,29,2021-12-29,2021,12,2,29
DA423,2021-12-27,2021,12,0,27,2021-12-29,2021,12,2,29
DA424,2021-12-28,2021,12,1,28,2021-12-31,2021,12,4,31
DA425,2021-12-10,2021,12,4,10,2021-12-29,2021,12,2,29
DA426,2021-12-20,2021,12,0,20,2021-12-25,2021,12,5,25
DA427,2021-12-16,2021,12,3,16,2022-01-03,2022,1,0,3
DA428,2021-12-16,2021,12,3,16,2022-01-01,2022,1,5,1
DA429,2021-11-05,2021,11,4,5,2022-01-02,2022,1,6,2
DA430,2021-12-26,2021,12,6,26,2021-12-31,2021,12,4,31
DA431,2022-01-04,2022,1,1,4,2022-01-04,2022,1,1,4
DA432,2021-10-01,2021,10,4,1,2022-01-11,2022,1,1,11
DA433,2021-11-16,2021,11,1,16,2022-01-06,2022,1,3,6
DA434,2021-12-29,2021,12,2,29,2022-01-05,2022,1,2,5
DA435,2022-01-10,2022,1,0,10,2022-01-11,2022,1,1,11
DA436,2021-12-08,2021,12,2,8,2022-01-12,2022,1,2,12
DA437,2022-01-06,2022,1,3,6,2022-01-14,2022,1,4,14
DA438,2022-01-12,2022,1,2,12,2022-01-13,2022,1,3,13
DA439,2022-01-14,2022,1,4,14,2022-01-18,2022,1,1,18
DA440,2021-12-19,2021,12,6,19,2022-01-17,2022,1,0,17
DA441,2022-01-09,2022,1,6,9,2022-01-12,2022,1,2,12
DA442,2022-01-18,2022,1,1,18,2022-01-18,2022,1,1,18
DA443,2022-01-11,2022,1,1,11,2022-01-18,2022,1,1,18
DA444,2022-01-15,2022,1,5,15,2022-01-18,2022,1,1,18
DA445,2022-01-15,2022,1,5,15,2022-01-21,2022,1,4,21
DA446,2022-01-17,2022,1,0,17,2022-01-19,2022,1,2,19
DA447,2022-01-12,2022,1,2,12,2022-01-20,2022,1,3,20
DA448,2022-01-17,2022,1,0,17,2022-01-18,2022,1,1,18
DA449,2022-01-11,2022,1,1,11,2022-01-19,2022,1,2,19
DA450,2022-01-18,2022,1,1,18,2022-01-22,2022,1,5,22
DA451,2022-01-19,2022,1,2,19,2022-01-22,2022,1,5,22
DA452,2022-01-15,2022,1,5,15,2022-01-17,2022,1,0,17
DA453,2022-01-20,2022,1,3,20,2022-01-22,2022,1,5,22
DA454,2022-01-20,2022,1,3,20,2022-01-24,2022,1,0,24
DA455,2022-01-24,2022,1,0,24,2022-01-24,2022,1,0,24
DA456,2022-01-18,2022,1,1,18,2022-01-23,2022,1,6,23
DA457,2022-01-19,2022,1,2,19,2022-01-23,2022,1,6,23
DA458,2022-01-21,2022,1,4,21,2022-01-25,2022,1,1,25
DA459,2022-01-27,2022,1,3,27,2022-01-27,2022,1,3,27
DA460,2022-01-24,2022,1,0,24,2022-01-27,2022,1,3,27
DA461,2022-01-28,2022,1,4,28,2022-01-29,2022,1,5,29
DA462,2022-01-29,2022,1,5,29,2022-01-29,2022,1,5,29
DA463,2022-01-21,2022,1,4,21,2022-02-01,2022,2,1,1
DA464,2022-01-31,2022,1,0,31,2022-02-01,2022,2,1,1
DA465,2022-01-25,2022,1,1,25,2022-01-28,2022,1,4,28
DA466,2021-12-03,2021,12,4,3,2022-01-31,2022,1,0,31
DA467,2022-02-01,2022,2,1,1,2022-02-03,2022,2,3,3
DA468,2022-02-07,2022,2,0,7,2022-02-09,2022,2,2,9
DA469,2022-02-09,2022,2,2,9,2022-02-16,2022,2,2,16
DA470,2022-02-09,2022,2,2,9,2022-02-09,2022,2,2,9
DA471,2022-02-12,2022,2,5,12,2022-02-16,2022,2,2,16
DA472,2022-02-01,2022,2,1,1,2022-02-16,2022,2,2,16
DA473,2022-02-15,2022,2,1,15,2022-02-17,2022,2,3,17
DA474,2022-02-08,2022,2,1,8,2022-02-18,2022,2,4,18
DA475,2022-01-22,2022,1,5,22,2022-02-05,2022,2,5,5
DA476,2022-02-17,2022,2,3,17,2022-02-17,2022,2,3,17
DA477,2022-02-16,2022,2,2,16,2022-02-18,2022,2,4,18
DA478,2022-02-14,2022,2,0,14,2022-02-21,2022,2,0,21
DA479,2022-02-16,2022,2,2,16,2022-02-21,2022,2,0,21
DA480,2022-02-18,2022,2,4,18,2022-02-22,2022,2,1,22
DA481,2022-02-21,2022,2,0,21,2022-02-22,2022,2,1,22
DA482,2022-02-15,2022,2,1,15,2022-02-19,2022,2,5,19
DA483,2022-01-05,2022,1,2,5,2022-02-22,2022,2,1,22
DA484,2022-01-26,2022,1,2,26,2022-02-25,2022,2,4,25
DA485,2022-02-22,2022,2,1,22,2022-02-22,2022,2,1,22
DA486,2022-02-21,2022,2,0,21,2022-02-23,2022,2,2,23
DA487,2022-02-23,2022,2,2,23,2022-02-26,2022,2,5,26
DA488,2022-02-22,2022,2,1,22,2022-02-25,2022,2,4,25
DA489,2022-01-25,2022,1,1,25,2022-02-25,2022,2,4,25
DA490,2022-02-26,2022,2,5,26,2022-03-01,2022,3,1,1
DA491,2022-02-17,2022,2,3,17,2022-02-28,2022,2,0,28
DA492,2022-03-01,2022,3,1,1,2022-03-02,2022,3,2,2
DA493,2022-03-03,2022,3,3,3,2022-03-04,2022,3,4,4
DA494,2022-03-08,2022,3,1,8,2022-03-08,2022,3,1,8
DA495,2022-03-04,2022,3,4,4,2022-03-06,2022,3,6,6
DA496,2022-03-08,2022,3,1,8,2022-03-09,2022,3,2,9
DA497,2022-03-02,2022,3,2,2,2022-03-09,2022,3,2,9
DA498,2022-03-09,2022,3,2,9,2022-03-09,2022,3,2,9
DA499,2022-03-10,2022,3,3,10,2022-03-10,2022,3,3,10
DA500,2022-03-14,2022,3,0,14,2022-03-14,2022,3,0,14
DA501,2022-03-09,2022,3,2,9,2022-03-14,2022,3,0,14
DA502,2022-03-09,2022,3,2,9,2022-03-16,2022,3,2,16
DA503,2022-03-14,2022,3,0,14,2022-03-15,2022,3,1,15
DA504,2022-03-17,2022,3,3,17,2022-03-17,2022,3,3,17
DA505,2022-03-08,2022,3,1,8,2022-03-15,2022,3,1,15
DA506,2022-02-17,2022,2,3,17,2022-03-16,2022,3,2,16
DA507,2022-03-15,2022,3,1,15,2022-03-17,2022,3,3,17
DA508,2022-03-18,2022,3,4,18,2022-03-18,2022,3,4,18
DA509,2021-04-15,2021,4,3,15,2022-03-18,2022,3,4,18
DA510,2022-03-10,2022,3,3,10,2022-03-19,2022,3,5,19
DA511,2022-03-18,2022,3,4,18,2022-03-19,2022,3,5,19
DA512,2022-03-15,2022,3,1,15,2022-03-19,2022,3,5,19
DA513,2022-03-16,2022,3,2,16,2022-03-18,2022,3,4,18
DA514,2022-03-21,2022,3,0,21,2022-03-22,2022,3,1,22
DA515,2022-03-23,2022,3,2,23,2022-03-23,2022,3,2,23
DA516,2022-03-20,2022,3,6,20,2022-03-22,2022,3,1,22
DA517,2022-03-17,2022,3,3,17,2022-03-24,2022,3,3,24
DA518,2022-03-22,2022,3,1,22,2022-03-23,2022,3,2,23
DA519,2022-02-16,2022,2,2,16,2022-03-24,2022,3,3,24
DA520,2022-02-22,2022,2,1,22,2022-03-25,2022,3,4,25
DA521,2022-03-19,2022,3,5,19,2022-03-24,2022,3,3,24
DA522,2022-03-26,2022,3,5,26,2022-03-28,2022,3,0,28
DA523,2022-03-23,2022,3,2,23,2022-03-24,2022,3,3,24
DA524,2022-03-29,2022,3,1,29,2022-03-30,2022,3,2,30
DA525,2022-02-25,2022,2,4,25,2022-03-31,2022,3,3,31
DA526,2022-03-29,2022,3,1,29,2022-03-31,2022,3,3,31
DA527,2022-02-01,2022,2,1,1,2022-04-01,2022,4,4,1
DA528,2022-03-29,2022,3,1,29,2022-03-29,2022,3,1,29
DA529,2022-03-28,2022,3,0,28,2022-04-04,2022,4,0,4
DA530,2022-02-24,2022,2,3,24,2022-04-01,2022,4,4,1
DA531,2022-02-25,2022,2,4,25,2022-04-01,2022,4,4,1
DA532,2022-04-07,2022,4,3,7,2022-04-07,2022,4,3,7
DA533,2022-03-30,2022,3,2,30,2022-04-09,2022,4,5,9
DA534,2022-03-18,2022,3,4,18,2022-03-27,2022,3,6,27
DA535,2022-04-09,2022,4,5,9,2022-04-13,2022,4,2,13
DA536,2022-03-21,2022,3,0,21,2022-04-10,2022,4,6,10
DA537,2022-04-10,2022,4,6,10,2022-04-10,2022,4,6,10
DA538,2022-04-12,2022,4,1,12,2022-04-15,2022,4,4,15
DA539,2022-04-04,2022,4,0,4,2022-04-05,2022,4,1,5
DA540,2022-03-19,2022,3,5,19,2022-04-15,2022,4,4,15
DA541,2022-04-13,2022,4,2,13,2022-04-20,2022,4,2,20
DA542,2022-04-13,2022,4,2,13,2022-04-15,2022,4,4,15
DA543,2022-04-15,2022,4,4,15,2022-04-16,2022,4,5,16
DA544,2022-02-17,2022,2,3,17,2022-04-20,2022,4,2,20
DA545,2022-03-29,2022,3,1,29,2022-04-20,2022,4,2,20
DA546,2022-03-30,2022,3,2,30,2022-04-20,2022,4,2,20
DA547,2022-04-18,2022,4,0,18,2022-04-22,2022,4,4,22
DA548,2022-03-23,2022,3,2,23,2022-04-21,2022,4,3,21
DA549,2022-04-21,2022,4,3,21,2022-04-28,2022,4,3,28
DA550,2022-04-06,2022,4,2,6,2022-04-10,2022,4,6,10
DA551,2022-04-16,2022,4,5,16,2022-04-16,2022,4,5,16
DA552,2022-03-23,2022,3,2,23,2022-04-28,2022,4,3,28
DA553,2022-04-23,2022,4,5,23,2022-04-23,2022,4,5,23
DA554,2022-04-26,2022,4,1,26,2022-04-29,2022,4,4,29
DA555,2022-04-22,2022,4,4,22,2022-04-22,2022,4,4,22
DA556,2022-03-06,2022,3,6,6,2022-04-28,2022,4,3,28
DA557,2022-04-27,2022,4,2,27,2022-05-01,2022,5,6,1
DA558,2022-04-30,2022,4,5,30,2022-04-30,2022,4,5,30
DA559,2022-04-29,2022,4,4,29,2022-05-05,2022,5,3,5
DA560,2022-04-23,2022,4,5,23,2022-04-30,2022,4,5,30
DA561,2022-03-19,2022,3,5,19,2022-05-10,2022,5,1,10
DA562,2022-05-10,2022,5,1,10,2022-05-10,2022,5,1,10
DA563,2022-04-30,2022,4,5,30,2022-05-14,2022,5,5,14
DA564,2022-05-15,2022,5,6,15,2022-05-17,2022,5,1,17
DA565,2022-04-29,2022,4,4,29,2022-05-28,2022,5,5,28
DA566,2022-05-19,2022,5,3,19,2022-05-20,2022,5,4,20
DA567,2022-05-03,2022,5,1,3,2022-05-03,2022,5,1,3
DA568,2022-05-12,2022,5,3,12,2022-05-31,2022,5,1,31
DA569,2022-05-24,2022,5,1,24,2022-05-30,2022,5,0,30
DA570,2022-03-01,2022,3,1,1,2022-06-02,2022,6,3,2
DA571,2022-05-18,2022,5,2,18,2022-05-24,2022,5,1,24
DA572,2022-06-01,2022,6,2,1,2022-06-01,2022,6,2,1
DA573,2022-05-24,2022,5,1,24,2022-05-25,2022,5,2,25
DA574,2022-05-20,2022,5,4,20,2022-06-04,2022,6,5,4
DA575,2022-06-02,2022,6,3,2,2022-06-04,2022,6,5,4
DA576,2022-06-07,2022,6,1,7,2022-06-08,2022,6,2,8
DA577,2022-05-24,2022,5,1,24,2022-06-01,2022,6,2,1
DA578,2022-06-17,2022,6,4,17,2022-06-20,2022,6,0,20
DA579,2022-05-13,2022,5,4,13,2022-06-15,2022,6,2,15
DA580,2022-06-01,2022,6,2,1,2022-06-11,2022,6,5,11
DA581,2022-06-10,2022,6,4,10,2022-06-11,2022,6,5,11
DA582,2022-06-20,2022,6,0,20,2022-06-21,2022,6,1,21
DA583,2022-06-27,2022,6,0,27,2022-06-28,2022,6,1,28
DA584,2022-06-26,2022,6,6,26,2022-06-28,2022,6,1,28
DA585,2022-06-01,2022,6,2,1,2022-06-10,2022,6,4,10
DA586,2022-06-28,2022,6,1,28,2022-06-29,2022,6,2,29
DA587,2022-06-09,2022,6,3,9,2022-06-30,2022,6,3,30
DA588,2022-06-30,2022,6,3,30,2022-06-30,2022,6,3,30
DA589,2022-06-30,2022,6,3,30,2022-07-03,2022,7,6,3
DA590,2022-07-04,2022,7,0,4,2022-07-05,2022,7,1,5
DA591,2022-06-29,2022,6,2,29,2022-06-30,2022,6,3,30
DA592,2022-07-01,2022,7,4,1,2022-07-09,2022,7,5,9
DA593,2022-07-06,2022,7,2,6,2022-07-07,2022,7,3,7
DA594,2022-07-10,2022,7,6,10,2022-07-11,2022,7,0,11
DA595,2022-07-09,2022,7,5,9,2022-07-13,2022,7,2,13
DA596,2022-07-11,2022,7,0,11,2022-07-12,2022,7,1,12
DA597,2022-07-10,2022,7,6,10,2022-07-10,2022,7,6,10
DA598,2022-07-06,2022,7,2,6,2022-07-14,2022,7,3,14
DA599,2022-07-08,2022,7,4,8,2022-07-08,2022,7,4,8
DA600,2022-07-09,2022,7,5,9,2022-07-16,2022,7,5,16
DA601,2022-06-24,2022,6,4,24,2022-07-14,2022,7,3,14
DA602,2022-07-18,2022,7,0,18,2022-07-19,2022,7,1,19
DA603,2022-07-12,2022,7,1,12,2022-07-19,2022,7,1,19
DA604,2022-06-09,2022,6,3,9,2022-07-27,2022,7,2,27
DA605,2022-07-13,2022,7,2,13,2022-07-14,2022,7,3,14
DA606,2022-07-19,2022,7,1,19,2022-07-21,2022,7,3,21
DA607,2022-07-25,2022,7,0,25,2022-07-26,2022,7,1,26
DA608,2022-07-22,2022,7,4,22,2022-07-29,2022,7,4,29
DA609,2022-07-14,2022,7,3,14,2022-07-19,2022,7,1,19
DA610,2022-08-01,2022,8,0,1,2022-08-02,2022,8,1,2
DA611,2022-07-30,2022,7,5,30,2022-07-31,2022,7,6,31
DA612,2022-08-03,2022,8,2,3,2022-08-04,2022,8,3,4
DA613,2022-07-26,2022,7,1,26,2022-08-07,2022,8,6,7
DA614,2022-08-04,2022,8,3,4,2022-08-04,2022,8,3,4
DA615,2022-04-05,2022,4,1,5,2022-08-10,2022,8,2,10
DA616,2022-08-11,2022,8,3,11,2022-08-12,2022,8,4,12
DA617,2022-08-13,2022,8,5,13,2022-08-14,2022,8,6,14
DA618,2022-08-16,2022,8,1,16,2022-08-19,2022,8,4,19
DA619,2022-08-16,2022,8,1,16,2022-08-17,2022,8,2,17
DA620,2022-08-11,2022,8,3,11,2022-08-14,2022,8,6,14
DA621,2022-08-15,2022,8,0,15,2022-08-16,2022,8,1,16
DA622,2022-08-17,2022,8,2,17,2022-08-23,2022,8,1,23
DA623,2022-08-19,2022,8,4,19,2022-08-30,2022,8,1,30
DA624,2022-08-30,2022,8,1,30,2022-09-01,2022,9,3,1
DA625,2022-08-26,2022,8,4,26,2022-09-01,2022,9,3,1
DA626,2022-07-30,2022,7,5,30,2022-08-26,2022,8,4,26
DA627,2022-08-26,2022,8,4,26,2022-09-04,2022,9,6,4
DA628,2022-08-10,2022,8,2,10,2022-09-05,2022,9,0,5
DA629,2022-09-06,2022,9,1,6,2022-09-07,2022,9,2,7
DA630,2022-09-05,2022,9,0,5,2022-09-11,2022,9,6,11
DA631,2022-05-19,2022,5,3,19,2022-09-08,2022,9,3,8
DA632,2022-09-12,2022,9,0,12,2022-09-13,2022,9,1,13
DA633,2022-09-15,2022,9,3,15,2022-09-15,2022,9,3,15
DA634,2022-09-08,2022,9,3,8,2022-09-14,2022,9,2,14
DA635,2022-09-18,2022,9,6,18,2022-09-19,2022,9,0,19
DA636,2022-03-22,2022,3,1,22,2022-09-24,2022,9,5,24
DA637,2022-09-20,2022,9,1,20,2022-09-26,2022,9,0,26
DA638,2022-09-22,2022,9,3,22,2022-09-27,2022,9,1,27
DA639,2022-09-10,2022,9,5,10,2022-09-10,2022,9,5,10
DA640,2022-09-28,2022,9,2,28,2022-09-28,2022,9,2,28
DA641,2022-09-28,2022,9,2,28,2022-09-29,2022,9,3,29
DA642,2022-09-01,2022,9,3,1,2022-10-01,2022,10,5,1
DA643,2022-09-23,2022,9,4,23,2022-09-29,2022,9,3,29
DA644,2022-09-30,2022,9,4,30,2022-10-01,2022,10,5,1
DA645,2022-10-02,2022,10,6,2,2022-10-07,2022,10,4,7
DA646,2022-09-22,2022,9,3,22,2022-10-05,2022,10,2,5
DA647,2022-09-21,2022,9,2,21,2022-10-05,2022,10,2,5
DA648,2022-10-05,2022,10,2,5,2022-10-09,2022,10,6,9
DA649,2022-10-03,2022,10,0,3,2022-10-11,2022,10,1,11
DA650,2022-10-11,2022,10,1,11,2022-10-11,2022,10,1,11
DA651,2022-10-12,2022,10,2,12,2022-10-12,2022,10,2,12
DA652,2022-09-30,2022,9,4,30,2022-10-15,2022,10,5,15
DA653,2022-10-10,2022,10,0,10,2022-10-13,2022,10,3,13
DA654,2022-10-17,2022,10,0,17,2022-10-17,2022,10,0,17
DA655,2022-10-14,2022,10,4,14,2022-10-16,2022,10,6,16
DA656,2022-07-12,2022,7,1,12,2022-10-10,2022,10,0,10
DA657,2022-10-20,2022,10,3,20,2022-10-21,2022,10,4,21
DA658,2022-10-16,2022,10,6,16,2022-10-21,2022,10,4,21
DA659,2022-09-19,2022,9,0,19,2022-09-20,2022,9,1,20
DA660,2022-10-12,2022,10,2,12,2022-10-25,2022,10,1,25
DA661,2022-10-04,2022,10,1,4,2022-10-26,2022,10,2,26
DA662,2022-10-17,2022,10,0,17,2022-10-26,2022,10,2,26
DA663,2022-10-20,2022,10,3,20,2022-10-26,2022,10,2,26
DA664,2022-10-19,2022,10,2,19,2022-10-31,2022,10,0,31
DA665,2022-10-24,2022,10,0,24,2022-10-30,2022,10,6,30
DA666,2022-10-08,2022,10,5,8,2022-10-31,2022,10,0,31
DA667,2022-11-01,2022,11,1,1,2022-11-02,2022,11,2,2
DA668,2022-11-04,2022,11,4,4,2022-11-05,2022,11,5,5
DA669,2022-10-25,2022,10,1,25,2022-11-03,2022,11,3,3
DA670,2022-10-28,2022,10,4,28,2022-10-29,2022,10,5,29
DA671,2022-10-09,2022,10,6,9,2022-10-10,2022,10,0,10
DA672,2022-11-04,2022,11,4,4,2022-11-10,2022,11,3,10
DA673,2022-10-06,2022,10,3,6,2022-11-08,2022,11,1,8
DA674,2022-11-07,2022,11,0,7,2022-11-08,2022,11,1,8
DA675,2022-11-11,2022,11,4,11,2022-11-19,2022,11,5,19
DA676,2022-11-22,2022,11,1,22,2022-11-29,2022,11,1,29
DA677,2022-11-05,2022,11,5,5,2022-11-20,2022,11,6,20
DA678,2022-11-17,2022,11,3,17,2022-11-25,2022,11,4,25
DA679,2022-11-16,2022,11,2,16,2022-11-17,2022,11,3,17
DA680,2022-11-20,2022,11,6,20,2022-11-29,2022,11,1,29
DA681,2022-11-24,2022,11,3,24,2022-12-01,2022,12,3,1
DA682,2022-11-26,2022,11,5,26,2022-11-30,2022,11,2,30
DA683,2022-12-04,2022,12,6,4,2022-12-09,2022,12,4,9
DA684,2022-11-01,2022,11,1,1,2022-12-01,2022,12,3,1
DA685,2022-09-22,2022,9,3,22,2022-12-20,2022,12,1,20
DA686,2022-11-29,2022,11,1,29,2022-12-12,2022,12,0,12
DA687,2022-12-15,2022,12,3,15,2023-01-10,2023,1,1,10
DA688,2022-12-24,2022,12,5,24,2023-01-10,2023,1,1,10
DA689,2022-12-16,2022,12,4,16,2022-12-20,2022,12,1,20
DA690,2023-01-11,2023,1,2,11,2023-01-15,2023,1,6,15
DA691,2023-01-15,2023,1,6,15,2023-01-15,2023,1,6,15
DA692,2023-01-10,2023,1,1,10,2023-01-11,2023,1,2,11
DA693,2023-01-05,2023,1,3,5,2023-01-17,2023,1,1,17
DA694,2022-12-15,2022,12,3,15,2022-12-15,2022,12,3,15
DA695,2023-01-16,2023,1,0,16,2023-01-21,2023,1,5,21
DA696,2022-10-26,2022,10,2,26,2023-01-26,2023,1,3,26
DA697,2023-01-23,2023,1,0,23,2023-01-29,2023,1,6,29
DA698,2023-01-18,2023,1,2,18,2023-01-21,2023,1,5,21
DA699,2022-12-30,2022,12,4,30,2023-01-30,2023,1,0,30
DA700,2022-11-11,2022,11,4,11,2023-01-30,2023,1,0,30
DA701,2022-11-01,2022,11,1,1,2023-02-01,2023,2,2,1
DA702,2023-01-30,2023,1,0,30,2023-01-31,2023,1,1,31
DA703,2023-01-25,2023,1,2,25,2023-02-01,2023,2,2,1
DA704,2022-10-07,2022,10,4,7,2023-02-07,2023,2,1,7
DA705,2022-11-17,2022,11,3,17,2023-02-08,2023,2,2,8
DA706,2022-10-18,2022,10,1,18,2023-02-11,2023,2,5,11
DA707,2023-01-30,2023,1,0,30,2023-02-14,2023,2,1,14
DA708,2023-03-01,2023,3,2,1,2023-03-01,2023,3,2,1
DA709,2023-02-15,2023,2,2,15,2023-02-15,2023,2,2,15
DA710,2023-01-30,2023,1,0,30,2023-02-15,2023,2,2,15
DA711,2023-02-13,2023,2,0,13,2023-02-14,2023,2,1,14
DA712,2023-02-15,2023,2,2,15,2023-02-18,2023,2,5,18
DA713,2023-02-07,2023,2,1,7,2023-02-25,2023,2,5,25
DA714,2023-02-24,2023,2,4,24,2023-02-24,2023,2,4,24
DA715,2023-03-15,2023,3,2,15,2023-03-19,2023,3,6,19
DA716,2023-03-14,2023,3,1,14,2023-03-18,2023,3,5,18
DA717,2023-03-13,2023,3,0,13,2023-03-20,2023,3,0,20
DA718,2023-02-16,2023,2,3,16,2023-03-01,2023,3,2,1
DA719,2023-03-17,2023,3,4,17,2023-03-22,2023,3,2,22
DA720,2023-02-14,2023,2,1,14,2023-03-21,2023,3,1,21
DA721,2023-03-23,2023,3,3,23,2023-03-24,2023,3,4,24
DA722,2023-03-21,2023,3,1,21,2023-03-22,2023,3,2,22
DA723,2023-03-22,2023,3,2,22,2023-03-23,2023,3,3,23
DA724,2022-06-24,2022,6,4,24,2023-03-23,2023,3,3,23
DA725,2023-03-30,2023,3,3,30,2023-03-31,2023,3,4,31
DA726,2023-04-04,2023,4,1,4,2023-04-05,2023,4,2,5
DA727,2023-03-27,2023,3,0,27,2023-03-30,2023,3,3,30
DA728,2023-04-03,2023,4,0,3,2023-04-06,2023,4,3,6
DA729,2023-03-29,2023,3,2,29,2023-03-30,2023,3,3,30
DA730,2023-03-30,2023,3,3,30,2023-04-01,2023,4,5,1
DA731,2023-04-05,2023,4,2,5,2023-04-08,2023,4,5,8
DA732,2023-03-31,2023,3,4,31,2023-04-09,2023,4,6,9
DA733,2023-04-09,2023,4,6,9,2023-04-09,2023,4,6,9
DA734,2023-04-05,2023,4,2,5,2023-04-11,2023,4,1,11
DA735,2023-04-14,2023,4,4,14,2023-04-15,2023,4,5,15
DA736,2023-03-30,2023,3,3,30,2023-04-11,2023,4,1,11
DA737,2023-04-10,2023,4,0,10,2023-04-11,2023,4,1,11
DA738,2023-04-17,2023,4,0,17,2023-04-18,2023,4,1,18
DA739,2023-04-04,2023,4,1,4,2023-04-12,2023,4,2,12
DA740,2023-04-18,2023,4,1,18,2023-04-19,2023,4,2,19
DA741,2023-04-21,2023,4,4,21,2023-04-28,2023,4,4,28
DA742,2023-04-24,2023,4,0,24,2023-04-26,2023,4,2,26
DA743,2023-05-04,2023,5,3,4,2023-05-08,2023,5,0,8
DA744,2023-04-11,2023,4,1,11,2023-05-01,2023,5,0,1
DA745,2023-04-04,2023,4,1,4,2023-04-08,2023,4,5,8
DA746,2023-04-18,2023,4,1,18,2023-05-03,2023,5,2,3
DA747,2023-04-14,2023,4,4,14,2023-04-18,2023,4,1,18
DA748,2023-04-25,2023,4,1,25,2023-05-08,2023,5,0,8
DA749,2023-04-14,2023,4,4,14,2023-04-30,2023,4,6,30
DA750,2023-04-25,2023,4,1,25,2023-04-28,2023,4,4,28
DA751,2023-03-31,2023,3,4,31,2023-05-10,2023,5,2,10
DA752,2023-05-10,2023,5,2,10,2023-05-14,2023,5,6,14
DA753,2023-05-05,2023,5,4,5,2023-05-10,2023,5,2,10
DA754,2023-05-09,2023,5,1,9,2023-05-13,2023,5,5,13
DA755,2023-04-26,2023,4,2,26,2023-05-02,2023,5,1,2
DA756,2023-05-02,2023,5,1,2,2023-05-15,2023,5,0,15
DA757,2023-04-28,2023,4,4,28,2023-05-10,2023,5,2,10
DA758,2023-05-08,2023,5,0,8,2023-05-11,2023,5,3,11
DA759,2023-05-09,2023,5,1,9,2023-05-15,2023,5,0,15
DA760,2023-05-05,2023,5,4,5,2023-05-15,2023,5,0,15
DA761,2023-05-09,2023,5,1,9,2023-05-23,2023,5,1,23
DA762,2023-05-18,2023,5,3,18,2023-05-24,2023,5,2,24
DA763,2023-05-19,2023,5,4,19,2023-05-24,2023,5,2,24
DA764,2023-05-25,2023,5,3,25,2023-05-28,2023,5,6,28
DA765,2023-05-23,2023,5,1,23,2023-05-27,2023,5,5,27
DA766,2023-05-22,2023,5,0,22,2023-05-30,2023,5,1,30
DA767,2023-05-24,2023,5,2,24,2023-05-30,2023,5,1,30
DA768,2023-03-01,2023,3,2,1,2023-06-02,2023,6,4,2
DA769,2023-06-01,2023,6,3,1,2023-06-03,2023,6,5,3
DA770,2023-05-30,2023,5,1,30,2023-05-30,2023,5,1,30
DA771,2023-05-31,2023,5,2,31,2023-06-03,2023,6,5,3
DA772,2023-06-05,2023,6,0,5,2023-06-07,2023,6,2,7
DA773,2023-05-11,2023,5,3,11,2023-06-04,2023,6,6,4
DA774,2023-06-12,2023,6,0,12,2023-06-13,2023,6,1,13
DA775,2023-06-05,2023,6,0,5,2023-06-08,2023,6,3,8
DA776,2023-05-10,2023,5,2,10,2023-05-24,2023,5,2,24
DA777,2023-06-08,2023,6,3,8,2023-06-11,2023,6,6,11
DA778,2023-06-15,2023,6,3,15,2023-06-23,2023,6,4,23
DA779,2023-06-09,2023,6,4,9,2023-06-15,2023,6,3,15
DA780,2023-06-08,2023,6,3,8,2023-06-15,2023,6,3,15
DA781,2023-06-12,2023,6,0,12,2023-06-16,2023,6,4,16
DA782,2018-02-26,2018,2,0,26,2018-02-28,2018,2,2,28
DA783,2018-02-22,2018,2,3,22,2018-02-22,2018,2,3,22
DA784,2018-01-23,2018,1,1,23,2018-02-28,2018,2,2,28
DA785,2018-02-23,2018,2,4,23,2018-02-23,2018,2,4,23
DA786,2018-01-25,2018,1,3,25,2018-02-25,2018,2,6,25
DA787,2018-02-17,2018,2,5,17,2018-02-28,2018,2,2,28
DA788,2018-02-22,2018,2,3,22,2018-02-28,2018,2,2,28
DA789,2018-01-22,2018,1,0,22,2018-02-28,2018,2,2,28
DA790,2018-02-07,2018,2,2,7,2018-02-28,2018,2,2,28
DA791,2018-01-15,2018,1,0,15,2018-02-28,2018,2,2,28
DA792,2018-02-28,2018,2,2,28,2018-03-01,2018,3,3,1
DA793,2017-11-27,2017,11,0,27,2018-03-01,2018,3,3,1
DA794,2018-03-01,2018,3,3,1,2018-03-01,2018,3,3,1
DA795,2018-02-06,2018,2,1,6,2018-03-01,2018,3,3,1
DA796,2018-03-03,2018,3,5,3,2018-03-04,2018,3,6,4
DA797,2017-12-05,2017,12,1,5,2018-03-01,2018,3,3,1
DA798,2017-12-24,2017,12,6,24,2018-02-28,2018,2,2,28
DA799,2018-03-05,2018,3,0,5,2018-03-05,2018,3,0,5
DA800,2018-02-28,2018,2,2,28,2018-03-05,2018,3,0,5
DA801,2018-03-12,2018,3,0,12,2018-03-12,2018,3,0,12
DA802,2018-02-18,2018,2,6,18,2018-03-13,2018,3,1,13
DA803,2018-02-15,2018,2,3,15,2018-03-15,2018,3,3,15
DA804,2018-03-05,2018,3,0,5,2018-03-09,2018,3,4,9
DA805,2018-03-20,2018,3,1,20,2018-03-20,2018,3,1,20
DA806,2018-02-28,2018,2,2,28,2018-02-28,2018,2,2,28
DA807,2018-02-28,2018,2,2,28,2018-03-06,2018,3,1,6
DA808,2018-03-16,2018,3,4,16,2018-03-17,2018,3,5,17
DA809,2018-02-09,2018,2,4,9,2018-03-16,2018,3,4,16
DA810,2018-02-24,2018,2,5,24,2018-03-17,2018,3,5,17
DA811,2018-02-19,2018,2,0,19,2018-03-22,2018,3,3,22
DA812,2018-02-20,2018,2,1,20,2018-03-22,2018,3,3,22
DA813,2018-02-28,2018,2,2,28,2018-03-25,2018,3,6,25
DA814,2018-03-27,2018,3,1,27,2018-03-27,2018,3,1,27
DA815,2018-03-01,2018,3,3,1,2018-03-21,2018,3,2,21
DA816,2018-02-22,2018,2,3,22,2018-03-22,2018,3,3,22
DA817,2018-03-16,2018,3,4,16,2018-03-22,2018,3,3,22
DA818,2018-03-24,2018,3,5,24,2018-03-28,2018,3,2,28
DA819,2018-02-15,2018,2,3,15,2018-03-29,2018,3,3,29
DA820,2018-02-20,2018,2,1,20,2018-03-29,2018,3,3,29
DA821,2018-03-28,2018,3,2,28,2018-04-04,2018,4,2,4
DA822,2018-03-05,2018,3,0,5,2018-03-31,2018,3,5,31
DA823,2018-03-10,2018,3,5,10,2018-04-05,2018,4,3,5
DA824,2018-04-03,2018,4,1,3,2018-04-03,2018,4,1,3
DA825,2018-03-16,2018,3,4,16,2018-04-06,2018,4,4,6
DA826,2018-04-16,2018,4,0,16,2018-04-16,2018,4,0,16
DA827,2018-04-13,2018,4,4,13,2018-04-16,2018,4,0,16
DA828,2018-03-27,2018,3,1,27,2018-04-17,2018,4,1,17
DA829,2018-03-09,2018,3,4,9,2018-04-06,2018,4,4,6
DA830,2018-04-19,2018,4,3,19,2018-04-19,2018,4,3,19
DA831,2018-04-02,2018,4,0,2,2018-04-19,2018,4,3,19
DA832,2018-03-30,2018,3,4,30,2018-04-30,2018,4,0,30
DA833,2018-04-16,2018,4,0,16,2018-04-22,2018,4,6,22
DA834,2018-04-15,2018,4,6,15,2018-04-18,2018,4,2,18
DA835,2018-03-22,2018,3,3,22,2018-04-22,2018,4,6,22
DA836,2018-03-31,2018,3,5,31,2018-05-01,2018,5,1,1
DA837,2018-03-28,2018,3,2,28,2018-04-28,2018,4,5,28
DA838,2018-05-01,2018,5,1,1,2018-05-05,2018,5,5,5
DA839,2018-05-03,2018,5,3,3,2018-05-03,2018,5,3,3
DA840,2018-04-17,2018,4,1,17,2018-05-08,2018,5,1,8
DA841,2018-05-04,2018,5,4,4,2018-05-07,2018,5,0,7
DA842,2018-04-16,2018,4,0,16,2018-05-06,2018,5,6,6
DA843,2018-05-05,2018,5,5,5,2018-05-05,2018,5,5,5
DA844,2018-04-21,2018,4,5,21,2018-05-02,2018,5,2,2
DA845,2018-05-08,2018,5,1,8,2018-05-08,2018,5,1,8
DA846,2018-05-03,2018,5,3,3,2018-05-10,2018,5,3,10
DA847,2018-05-04,2018,5,4,4,2018-05-04,2018,5,4,4
DA848,2018-03-30,2018,3,4,30,2018-05-10,2018,5,3,10
DA849,2018-05-02,2018,5,2,2,2018-05-03,2018,5,3,3
DA850,2018-05-01,2018,5,1,1,2018-05-11,2018,5,4,11
DA851,2018-05-17,2018,5,3,17,2018-05-17,2018,5,3,17
DA852,2018-04-18,2018,4,2,18,2018-05-18,2018,5,4,18
DA853,2018-03-15,2018,3,3,15,2018-05-15,2018,5,1,15
DA854,2018-05-14,2018,5,0,14,2018-05-14,2018,5,0,14
DA855,2018-05-19,2018,5,5,19,2018-05-19,2018,5,5,19
DA856,2018-03-20,2018,3,1,20,2018-05-21,2018,5,0,21
DA857,2018-04-18,2018,4,2,18,2018-05-16,2018,5,2,16
DA858,2018-05-21,2018,5,0,21,2018-05-21,2018,5,0,21
DA859,2018-05-23,2018,5,2,23,2018-05-23,2018,5,2,23
DA860,2018-05-26,2018,5,5,26,2018-05-26,2018,5,5,26
DA861,2018-05-27,2018,5,6,27,2018-05-27,2018,5,6,27
DA862,2018-05-24,2018,5,3,24,2018-05-25,2018,5,4,25
DA863,2018-05-27,2018,5,6,27,2018-05-28,2018,5,0,28
DA864,2018-05-28,2018,5,0,28,2018-05-28,2018,5,0,28
DA865,2018-05-30,2018,5,2,30,2018-05-31,2018,5,3,31
DA866,2018-04-12,2018,4,3,12,2018-06-01,2018,6,4,1
DA867,2018-03-28,2018,3,2,28,2018-05-31,2018,5,3,31
DA868,2018-05-28,2018,5,0,28,2018-05-29,2018,5,1,29
DA869,2018-05-15,2018,5,1,15,2018-05-24,2018,5,3,24
DA870,2018-05-31,2018,5,3,31,2018-06-01,2018,6,4,1
DA871,2018-05-23,2018,5,2,23,2018-06-06,2018,6,2,6
DA872,2018-06-03,2018,6,6,3,2018-06-06,2018,6,2,6
DA873,2018-05-15,2018,5,1,15,2018-06-05,2018,6,1,5
DA874,2018-06-15,2018,6,4,15,2018-06-16,2018,6,5,16
DA875,2018-05-01,2018,5,1,1,2018-06-07,2018,6,3,7
DA876,2018-06-09,2018,6,5,9,2018-06-12,2018,6,1,12
DA877,2018-06-15,2018,6,4,15,2018-06-19,2018,6,1,19
DA878,2018-06-22,2018,6,4,22,2018-06-23,2018,6,5,23
DA879,2018-06-18,2018,6,0,18,2018-06-25,2018,6,0,25
DA880,2018-05-01,2018,5,1,1,2018-06-24,2018,6,6,24
DA881,2018-06-11,2018,6,0,11,2018-06-25,2018,6,0,25
DA882,2018-06-06,2018,6,2,6,2018-06-06,2018,6,2,6
DA883,2018-06-02,2018,6,5,2,2018-06-03,2018,6,6,3
DA884,2018-06-04,2018,6,0,4,2018-06-26,2018,6,1,26
DA885,2018-06-08,2018,6,4,8,2018-06-29,2018,6,4,29
DA886,2018-06-11,2018,6,0,11,2018-06-29,2018,6,4,29
DA887,2018-04-26,2018,4,3,26,2018-06-30,2018,6,5,30
DA888,2018-06-26,2018,6,1,26,2018-07-02,2018,7,0,2
DA889,2018-05-15,2018,5,1,15,2018-07-01,2018,7,6,1
DA890,2018-06-25,2018,6,0,25,2018-06-29,2018,6,4,29
DA891,2018-06-03,2018,6,6,3,2018-07-04,2018,7,2,4
DA892,2018-07-04,2018,7,2,4,2018-07-04,2018,7,2,4
DA893,2018-05-31,2018,5,3,31,2018-07-13,2018,7,4,13
DA894,2018-07-07,2018,7,5,7,2018-07-09,2018,7,0,9
DA895,2018-05-20,2018,5,6,20,2018-07-09,2018,7,0,9
DA896,2018-06-26,2018,6,1,26,2018-07-26,2018,7,3,26
DA897,2018-07-17,2018,7,1,17,2018-07-17,2018,7,1,17
DA898,2018-06-14,2018,6,3,14,2018-07-19,2018,7,3,19
DA899,2018-07-15,2018,7,6,15,2018-07-15,2018,7,6,15
DA900,2018-06-30,2018,6,5,30,2018-07-07,2018,7,5,7
DA901,2018-07-31,2018,7,1,31,2018-08-10,2018,8,4,10
DA902,2018-08-08,2018,8,2,8,2018-08-11,2018,8,5,11
DA903,2018-06-14,2018,6,3,14,2018-07-31,2018,7,1,31
DA904,2018-06-02,2018,6,5,2,2018-08-01,2018,8,2,1
DA905,2018-07-24,2018,7,1,24,2018-07-30,2018,7,0,30
DA906,2018-08-03,2018,8,4,3,2018-08-06,2018,8,0,6
DA907,2018-06-01,2018,6,4,1,2018-07-31,2018,7,1,31
DA908,2018-08-13,2018,8,0,13,2018-08-16,2018,8,3,16
DA909,2018-08-11,2018,8,5,11,2018-08-30,2018,8,3,30
DA910,2018-02-28,2018,2,2,28,2018-08-30,2018,8,3,30
DA911,2018-05-21,2018,5,0,21,2018-08-31,2018,8,4,31
DA912,2018-09-03,2018,9,0,3,2018-09-14,2018,9,4,14
DA913,2018-09-09,2018,9,6,9,2018-09-14,2018,9,4,14
DA914,2018-09-16,2018,9,6,16,2018-09-21,2018,9,4,21
DA915,2018-09-17,2018,9,0,17,2018-09-22,2018,9,5,22
DA916,2018-06-30,2018,6,5,30,2018-09-25,2018,9,1,25
DA917,2018-09-19,2018,9,2,19,2018-10-02,2018,10,1,2
DA918,2018-10-01,2018,10,0,1,2018-10-02,2018,10,1,2
DA919,2018-09-12,2018,9,2,12,2018-10-06,2018,10,5,6
DA920,2018-09-18,2018,9,1,18,2018-09-22,2018,9,5,22
DA921,2018-09-02,2018,9,6,2,2018-10-15,2018,10,0,15
DA922,2018-05-09,2018,5,2,9,2018-09-30,2018,9,6,30
DA923,2018-07-31,2018,7,1,31,2018-10-19,2018,10,4,19
DA924,2018-10-24,2018,10,2,24,2018-10-24,2018,10,2,24
DA925,2018-11-16,2018,11,4,16,2018-11-29,2018,11,3,29
DA926,2018-11-11,2018,11,6,11,2018-11-21,2018,11,2,21
DA927,2018-11-30,2018,11,4,30,2018-11-30,2018,11,4,30
DA928,2018-11-20,2018,11,1,20,2018-11-21,2018,11,2,21
DA929,2018-10-30,2018,10,1,30,2018-11-30,2018,11,4,30
DA930,2018-09-20,2018,9,3,20,2018-10-31,2018,10,2,31
DA931,2018-10-29,2018,10,0,29,2018-11-08,2018,11,3,8
DA932,2018-10-09,2018,10,1,9,2018-11-18,2018,11,6,18
DA933,2018-11-30,2018,11,4,30,2018-12-01,2018,12,5,1
DA934,2018-11-19,2018,11,0,19,2018-12-19,2018,12,2,19
DA935,2018-12-19,2018,12,2,19,2018-12-25,2018,12,1,25
DA936,2018-12-17,2018,12,0,17,2018-12-21,2018,12,4,21
DA937,2018-12-31,2018,12,0,31,2019-01-02,2019,1,2,2
DA938,2019-01-14,2019,1,0,14,2019-01-16,2019,1,2,16
DA939,2018-12-09,2018,12,6,9,2018-12-26,2018,12,2,26
DA940,2018-12-24,2018,12,0,24,2018-12-27,2018,12,3,27
DA941,2019-01-28,2019,1,0,28,2019-01-28,2019,1,0,28
DA942,2018-12-29,2018,12,5,29,2019-01-23,2019,1,2,23
DA943,2019-01-14,2019,1,0,14,2019-01-28,2019,1,0,28
DA944,2019-01-21,2019,1,0,21,2019-01-23,2019,1,2,23
DA945,2018-11-30,2018,11,4,30,2018-12-04,2018,12,1,4
DA946,2019-02-25,2019,2,0,25,2019-02-25,2019,2,0,25
DA947,2019-01-20,2019,1,6,20,2019-01-31,2019,1,3,31
DA948,2018-12-12,2018,12,2,12,2019-02-09,2019,2,5,9
DA949,2018-05-24,2018,5,3,24,2019-02-28,2019,2,3,28
DA950,2019-01-30,2019,1,2,30,2019-03-07,2019,3,3,7
DA951,2019-02-24,2019,2,6,24,2019-02-24,2019,2,6,24
DA952,2019-03-11,2019,3,0,11,2019-03-11,2019,3,0,11
DA953,2019-03-26,2019,3,1,26,2019-03-26,2019,3,1,26
DA954,2019-03-18,2019,3,0,18,2019-03-25,2019,3,0,25
DA955,2019-03-27,2019,3,2,27,2019-03-27,2019,3,2,27
DA956,2019-04-02,2019,4,1,2,2019-04-02,2019,4,1,2
DA957,2019-04-01,2019,4,0,1,2019-04-01,2019,4,0,1
DA958,2019-03-14,2019,3,3,14,2019-03-14,2019,3,3,14
DA959,2019-03-19,2019,3,1,19,2019-03-19,2019,3,1,19
DA960,2019-04-06,2019,4,5,6,2019-04-06,2019,4,5,6
DA961,2019-04-09,2019,4,1,9,2019-04-09,2019,4,1,9
DA962,2019-04-07,2019,4,6,7,2019-04-07,2019,4,6,7
DA963,2019-04-10,2019,4,2,10,2019-04-11,2019,4,3,11
DA964,2019-04-16,2019,4,1,16,2019-04-16,2019,4,1,16
DA965,2019-04-10,2019,4,2,10,2019-04-10,2019,4,2,10
DA966,2019-04-11,2019,4,3,11,2019-04-11,2019,4,3,11
DA967,2019-03-07,2019,3,3,7,2019-04-19,2019,4,4,19
DA968,2019-04-18,2019,4,3,18,2019-04-18,2019,4,3,18
DA969,2019-04-15,2019,4,0,15,2019-04-15,2019,4,0,15
DA970,2019-04-17,2019,4,2,17,2019-04-18,2019,4,3,18
DA971,2019-04-08,2019,4,0,8,2019-04-21,2019,4,6,21
DA972,2019-04-19,2019,4,4,19,2019-04-20,2019,4,5,20
DA973,2019-04-22,2019,4,0,22,2019-04-22,2019,4,0,22
DA974,2019-04-25,2019,4,3,25,2019-04-25,2019,4,3,25
DA975,2019-04-21,2019,4,6,21,2019-04-22,2019,4,0,22
DA976,2019-04-30,2019,4,1,30,2019-05-03,2019,5,4,3
DA977,2019-04-25,2019,4,3,25,2019-04-26,2019,4,4,26
DA978,2019-04-26,2019,4,4,26,2019-04-26,2019,4,4,26
DA979,2019-05-03,2019,5,4,3,2019-05-03,2019,5,4,3
DA980,2019-04-27,2019,4,5,27,2019-04-27,2019,4,5,27
DA981,2019-04-29,2019,4,0,29,2019-04-29,2019,4,0,29
DA982,2019-05-05,2019,5,6,5,2019-05-10,2019,5,4,10
DA983,2019-04-16,2019,4,1,16,2019-05-07,2019,5,1,7
DA984,2019-05-09,2019,5,3,9,2019-05-09,2019,5,3,9
DA985,2019-05-13,2019,5,0,13,2019-05-14,2019,5,1,14
DA986,2019-05-10,2019,5,4,10,2019-05-11,2019,5,5,11
DA987,2019-05-12,2019,5,6,12,2019-05-12,2019,5,6,12
DA988,2019-05-04,2019,5,5,4,2019-05-12,2019,5,6,12
DA989,2018-11-12,2018,11,0,12,2019-05-09,2019,5,3,9
DA990,2019-05-18,2019,5,5,18,2019-05-18,2019,5,5,18
DA991,2019-05-16,2019,5,3,16,2019-05-16,2019,5,3,16
DA992,2019-05-22,2019,5,2,22,2019-05-22,2019,5,2,22
DA993,2019-05-20,2019,5,0,20,2019-05-21,2019,5,1,21
DA994,2019-05-26,2019,5,6,26,2019-05-27,2019,5,0,27
DA995,2019-05-21,2019,5,1,21,2019-05-22,2019,5,2,22
DA996,2019-06-04,2019,6,1,4,2019-06-04,2019,6,1,4
DA997,2019-05-20,2019,5,0,20,2019-05-23,2019,5,3,23
DA998,2019-06-11,2019,6,1,11,2019-06-11,2019,6,1,11
DA999,2019-06-09,2019,6,6,9,2019-06-11,2019,6,1,11
DA1000,2019-05-28,2019,5,1,28,2019-05-28,2019,5,1,28
DA1001,2019-06-10,2019,6,0,10,2019-06-10,2019,6,0,10
DA1002,2019-06-17,2019,6,0,17,2019-06-17,2019,6,0,17
DA1003,2019-06-04,2019,6,1,4,2019-06-18,2019,6,1,18
DA1004,2019-06-19,2019,6,2,19,2019-06-19,2019,6,2,19
DA1005,2019-06-18,2019,6,1,18,2019-06-18,2019,6,1,18
DA1006,2019-06-14,2019,6,4,14,2019-06-14,2019,6,4,14
DA1007,2019-06-11,2019,6,1,11,2019-06-14,2019,6,4,14
DA1008,2019-06-20,2019,6,3,20,2019-06-21,2019,6,4,21
DA1009,2019-07-02,2019,7,1,2,2019-07-02,2019,7,1,2
DA1010,2019-06-10,2019,6,0,10,2019-06-20,2019,6,3,20
DA1011,2019-06-03,2019,6,0,3,2019-06-29,2019,6,5,29
DA1012,2019-06-08,2019,6,5,8,2019-06-23,2019,6,6,23
DA1013,2019-06-27,2019,6,3,27,2019-06-28,2019,6,4,28
DA1014,2019-06-27,2019,6,3,27,2019-06-27,2019,6,3,27
DA1015,2019-07-01,2019,7,0,1,2019-07-01,2019,7,0,1
DA1016,2019-07-03,2019,7,2,3,2019-07-03,2019,7,2,3
DA1017,2019-06-01,2019,6,5,1,2019-06-29,2019,6,5,29
DA1018,2019-07-10,2019,7,2,10,2019-07-12,2019,7,4,12
DA1019,2019-07-08,2019,7,0,8,2019-07-08,2019,7,0,8
DA1020,2019-07-07,2019,7,6,7,2019-07-09,2019,7,1,9
DA1021,2019-07-16,2019,7,1,16,2019-07-16,2019,7,1,16
DA1022,2019-07-14,2019,7,6,14,2019-07-15,2019,7,0,15
DA1023,2019-06-07,2019,6,4,7,2019-07-04,2019,7,3,4
DA1024,2019-07-20,2019,7,5,20,2019-07-20,2019,7,5,20
DA1025,2019-07-31,2019,7,2,31,2019-07-31,2019,7,2,31
DA1026,2019-07-18,2019,7,3,18,2019-07-18,2019,7,3,18
DA1027,2019-07-30,2019,7,1,30,2019-07-31,2019,7,2,31
DA1028,2019-07-17,2019,7,2,17,2019-07-17,2019,7,2,17
DA1029,2019-08-01,2019,8,3,1,2019-08-01,2019,8,3,1
DA1030,2019-08-05,2019,8,0,5,2019-08-05,2019,8,0,5
DA1031,2019-08-08,2019,8,3,8,2019-08-08,2019,8,3,8
DA1032,2019-08-11,2019,8,6,11,2019-08-14,2019,8,2,14
DA1033,2019-08-15,2019,8,3,15,2019-08-15,2019,8,3,15
DA1034,2019-08-08,2019,8,3,8,2019-08-14,2019,8,2,14
DA1035,2019-08-19,2019,8,0,19,2019-08-23,2019,8,4,23
DA1036,2019-08-02,2019,8,4,2,2019-08-23,2019,8,4,23
DA1037,2019-08-22,2019,8,3,22,2019-08-22,2019,8,3,22
DA1038,2019-07-23,2019,7,1,23,2019-08-09,2019,8,4,9
DA1039,2019-07-11,2019,7,3,11,2019-09-08,2019,9,6,8
DA1040,2019-09-11,2019,9,2,11,2019-09-11,2019,9,2,11
DA1041,2019-08-24,2019,8,5,24,2019-08-25,2019,8,6,25
DA1042,2019-05-31,2019,5,4,31,2019-08-31,2019,8,5,31
DA1043,2019-09-18,2019,9,2,18,2019-09-30,2019,9,0,30
DA1044,2019-08-28,2019,8,2,28,2019-08-28,2019,8,2,28
DA1045,2019-10-15,2019,10,1,15,2019-10-24,2019,10,3,24
DA1046,2019-09-16,2019,9,0,16,2019-09-17,2019,9,1,17
DA1047,2019-07-10,2019,7,2,10,2019-10-10,2019,10,3,10
DA1048,2019-12-03,2019,12,1,3,2019-12-04,2019,12,2,4
DA1049,2019-10-22,2019,10,1,22,2019-11-14,2019,11,3,14
DA1050,2019-11-05,2019,11,1,5,2019-11-29,2019,11,4,29
DA1051,2020-02-02,2020,2,6,2,2020-02-03,2020,2,0,3
DA1052,2019-11-13,2019,11,2,13,2019-11-14,2019,11,3,14
DA1053,2019-12-13,2019,12,4,13,2019-12-16,2019,12,0,16
DA1054,2019-10-23,2019,10,2,23,2019-10-24,2019,10,3,24
DA1055,2020-02-24,2020,2,0,24,2020-02-24,2020,2,0,24
DA1056,2020-02-27,2020,2,3,27,2020-02-28,2020,2,4,28
DA1057,2020-01-10,2020,1,4,10,2020-02-10,2020,2,0,10
DA1058,2020-04-07,2020,4,1,7,2020-04-07,2020,4,1,7
DA1059,2020-01-22,2020,1,2,22,2020-03-20,2020,3,4,20
DA1060,2020-04-29,2020,4,2,29,2020-04-29,2020,4,2,29
DA1061,2020-04-27,2020,4,0,27,2020-04-28,2020,4,1,28
DA1062,2020-04-20,2020,4,0,20,2020-04-21,2020,4,1,21
DA1063,2020-04-29,2020,4,2,29,2020-04-30,2020,4,3,30
DA1064,2020-05-10,2020,5,6,10,2020-05-11,2020,5,0,11
DA1065,2020-03-16,2020,3,0,16,2020-03-24,2020,3,1,24
DA1066,2020-05-02,2020,5,5,2,2020-05-10,2020,5,6,10
DA1067,2020-05-05,2020,5,1,5,2020-05-05,2020,5,1,5
DA1068,2020-04-30,2020,4,3,30,2020-04-30,2020,4,3,30
DA1069,2020-05-09,2020,5,5,9,2020-05-16,2020,5,5,16
DA1070,2020-06-16,2020,6,1,16,2020-06-16,2020,6,1,16
DA1071,2020-06-21,2020,6,6,21,2020-06-21,2020,6,6,21
DA1072,2020-05-19,2020,5,1,19,2020-05-19,2020,5,1,19
DA1073,2020-07-14,2020,7,1,14,2020-07-14,2020,7,1,14
DA1074,2020-06-15,2020,6,0,15,2020-06-16,2020,6,1,16
DA1075,2020-07-14,2020,7,1,14,2020-07-15,2020,7,2,15
DA1076,2019-06-16,2019,6,6,16,2020-06-15,2020,6,0,15
DA1077,2020-07-15,2020,7,2,15,2020-07-15,2020,7,2,15
DA1078,2020-07-17,2020,7,4,17,2020-07-18,2020,7,5,18
DA1079,2020-07-20,2020,7,0,20,2020-07-20,2020,7,0,20
DA1080,2020-04-14,2020,4,1,14,2020-07-20,2020,7,0,20
DA1081,2020-07-23,2020,7,3,23,2020-07-23,2020,7,3,23
DA1082,2020-07-29,2020,7,2,29,2020-07-29,2020,7,2,29
DA1083,2020-07-14,2020,7,1,14,2020-07-27,2020,7,0,27
DA1084,2020-07-01,2020,7,2,1,2020-07-23,2020,7,3,23
DA1085,2020-08-06,2020,8,3,6,2020-08-06,2020,8,3,6
DA1086,2020-08-11,2020,8,1,11,2020-08-11,2020,8,1,11
DA1087,2020-07-27,2020,7,0,27,2020-07-31,2020,7,4,31
DA1088,2020-07-30,2020,7,3,30,2020-07-31,2020,7,4,31
DA1089,2020-08-13,2020,8,3,13,2020-08-14,2020,8,4,14
DA1090,2020-08-01,2020,8,5,1,2020-08-19,2020,8,2,19
DA1091,2020-08-03,2020,8,0,3,2020-08-16,2020,8,6,16
DA1092,2020-08-18,2020,8,1,18,2020-08-19,2020,8,2,19
DA1093,2020-08-19,2020,8,2,19,2020-08-19,2020,8,2,19
DA1094,2020-08-22,2020,8,5,22,2020-08-22,2020,8,5,22
DA1095,2020-09-03,2020,9,3,3,2020-09-03,2020,9,3,3
DA1096,2020-08-12,2020,8,2,12,2020-08-25,2020,8,1,25
DA1097,2020-08-20,2020,8,3,20,2020-08-20,2020,8,3,20
DA1098,2020-08-31,2020,8,0,31,2020-08-31,2020,8,0,31
DA1099,2020-09-10,2020,9,3,10,2020-09-10,2020,9,3,10
DA1100,2020-08-14,2020,8,4,14,2020-08-21,2020,8,4,21
DA1101,2020-08-25,2020,8,1,25,2020-09-09,2020,9,2,9
DA1102,2020-09-11,2020,9,4,11,2020-09-12,2020,9,5,12
DA1103,2020-09-09,2020,9,2,9,2020-09-12,2020,9,5,12
DA1104,2020-09-13,2020,9,6,13,2020-09-13,2020,9,6,13
DA1105,2020-09-03,2020,9,3,3,2020-09-05,2020,9,5,5
DA1106,2020-09-02,2020,9,2,2,2020-09-16,2020,9,2,16
DA1107,2020-09-01,2020,9,1,1,2020-09-12,2020,9,5,12
DA1108,2020-09-15,2020,9,1,15,2020-09-15,2020,9,1,15
DA1109,2020-09-08,2020,9,1,8,2020-09-10,2020,9,3,10
DA1110,2020-09-18,2020,9,4,18,2020-09-18,2020,9,4,18
DA1111,2020-09-17,2020,9,3,17,2020-09-17,2020,9,3,17
DA1112,2020-09-17,2020,9,3,17,2020-09-18,2020,9,4,18
DA1113,2020-09-23,2020,9,2,23,2020-09-29,2020,9,1,29
DA1114,2020-08-31,2020,8,0,31,2020-09-30,2020,9,2,30
DA1115,2020-09-30,2020,9,2,30,2020-09-30,2020,9,2,30
DA1116,2020-09-22,2020,9,1,22,2020-09-23,2020,9,2,23
DA1117,2020-09-19,2020,9,5,19,2020-09-21,2020,9,0,21
DA1118,2020-09-01,2020,9,1,1,2020-09-30,2020,9,2,30
DA1119,2020-09-29,2020,9,1,29,2020-10-01,2020,10,3,1
DA1120,2020-10-03,2020,10,5,3,2020-10-05,2020,10,0,5
DA1121,2020-09-09,2020,9,2,9,2020-10-09,2020,10,4,9
DA1122,2020-10-06,2020,10,1,6,2020-10-06,2020,10,1,6
DA1123,2020-10-03,2020,10,5,3,2020-10-03,2020,10,5,3
DA1124,2020-10-10,2020,10,5,10,2020-10-10,2020,10,5,10
DA1125,2020-09-26,2020,9,5,26,2020-10-01,2020,10,3,1
DA1126,2020-09-15,2020,9,1,15,2020-10-15,2020,10,3,15
DA1127,2020-10-15,2020,10,3,15,2020-10-15,2020,10,3,15
DA1128,2020-10-09,2020,10,4,9,2020-10-09,2020,10,4,9
DA1129,2020-10-22,2020,10,3,22,2020-10-23,2020,10,4,23
DA1130,2020-09-14,2020,9,0,14,2020-10-14,2020,10,2,14
DA1131,2020-10-29,2020,10,3,29,2020-10-29,2020,10,3,29
DA1132,2020-10-22,2020,10,3,22,2020-10-24,2020,10,5,24
DA1133,2020-10-19,2020,10,0,19,2020-10-20,2020,10,1,20
DA1134,2020-09-29,2020,9,1,29,2020-10-29,2020,10,3,29
DA1135,2020-10-08,2020,10,3,8,2020-10-22,2020,10,3,22
DA1136,2020-09-30,2020,9,2,30,2020-10-30,2020,10,4,30
DA1137,2020-10-28,2020,10,2,28,2020-10-30,2020,10,4,30
DA1138,2020-10-14,2020,10,2,14,2020-10-14,2020,10,2,14
DA1139,2020-11-05,2020,11,3,5,2020-11-05,2020,11,3,5
DA1140,2020-11-05,2020,11,3,5,2020-11-07,2020,11,5,7
DA1141,2020-11-09,2020,11,0,9,2020-11-15,2020,11,6,15
DA1142,2020-11-03,2020,11,1,3,2020-11-21,2020,11,5,21
DA1143,2020-11-09,2020,11,0,9,2020-11-09,2020,11,0,9
DA1144,2020-10-29,2020,10,3,29,2020-11-18,2020,11,2,18
DA1145,2020-11-15,2020,11,6,15,2020-11-22,2020,11,6,22
DA1146,2020-10-23,2020,10,4,23,2020-11-08,2020,11,6,8
DA1147,2020-11-25,2020,11,2,25,2020-11-26,2020,11,3,26
DA1148,2020-12-01,2020,12,1,1,2020-12-01,2020,12,1,1
DA1149,2020-11-30,2020,11,0,30,2020-12-04,2020,12,4,4
DA1150,2020-11-03,2020,11,1,3,2020-12-03,2020,12,3,3
DA1151,2020-11-03,2020,11,1,3,2020-11-04,2020,11,2,4
DA1152,2020-12-10,2020,12,3,10,2020-12-10,2020,12,3,10
DA1153,2020-12-07,2020,12,0,7,2020-12-08,2020,12,1,8
DA1154,2020-12-16,2020,12,2,16,2020-12-18,2020,12,4,18
DA1155,2020-12-07,2020,12,0,7,2020-12-13,2020,12,6,13
DA1156,2020-11-14,2020,11,5,14,2020-12-14,2020,12,0,14
DA1157,2020-12-17,2020,12,3,17,2020-12-17,2020,12,3,17
DA1158,2020-12-17,2020,12,3,17,2020-12-18,2020,12,4,18
DA1159,2020-12-30,2020,12,2,30,2020-12-30,2020,12,2,30
DA1160,2020-12-24,2020,12,3,24,2020-12-27,2020,12,6,27
DA1161,2020-12-03,2020,12,3,3,2020-12-16,2020,12,2,16
DA1162,2020-12-28,2020,12,0,28,2020-12-28,2020,12,0,28
DA1163,2020-12-31,2020,12,3,31,2020-12-31,2020,12,3,31
DA1164,2021-01-01,2021,1,4,1,2021-01-02,2021,1,5,2
DA1165,2021-01-12,2021,1,1,12,2021-01-12,2021,1,1,12
DA1166,2021-01-15,2021,1,4,15,2021-01-15,2021,1,4,15
DA1167,2021-01-12,2021,1,1,12,2021-01-14,2021,1,3,14
DA1168,2021-01-07,2021,1,3,7,2021-01-14,2021,1,3,14
DA1169,2021-01-18,2021,1,0,18,2021-01-18,2021,1,0,18
DA1170,2021-02-01,2021,2,0,1,2021-02-01,2021,2,0,1
DA1171,2021-01-25,2021,1,0,25,2021-01-25,2021,1,0,25
DA1172,2021-01-30,2021,1,5,30,2021-01-30,2021,1,5,30
DA1173,2021-02-04,2021,2,3,4,2021-02-06,2021,2,5,6
DA1174,2021-02-02,2021,2,1,2,2021-02-04,2021,2,3,4
DA1175,2021-01-02,2021,1,5,2,2021-01-11,2021,1,0,11
DA1176,2021-02-02,2021,2,1,2,2021-02-08,2021,2,0,8
DA1177,2021-01-08,2021,1,4,8,2021-02-06,2021,2,5,6
DA1178,2021-01-26,2021,1,1,26,2021-02-05,2021,2,4,5
DA1179,2021-02-08,2021,2,0,8,2021-02-11,2021,2,3,11
DA1180,2021-02-05,2021,2,4,5,2021-02-10,2021,2,2,10
DA1181,2021-02-10,2021,2,2,10,2021-02-10,2021,2,2,10
DA1182,2021-02-03,2021,2,2,3,2021-02-11,2021,2,3,11
DA1183,2020-05-27,2020,5,2,27,2021-02-17,2021,2,2,17
DA1184,2021-02-10,2021,2,2,10,2021-02-11,2021,2,3,11
DA1185,2021-02-16,2021,2,1,16,2021-02-25,2021,2,3,25
DA1186,2021-02-23,2021,2,1,23,2021-02-26,2021,2,4,26
DA1187,2021-02-11,2021,2,3,11,2021-02-13,2021,2,5,13
DA1188,2021-02-25,2021,2,3,25,2021-02-25,2021,2,3,25
DA1189,2021-02-25,2021,2,3,25,2021-02-27,2021,2,5,27
DA1190,2021-02-17,2021,2,2,17,2021-02-17,2021,2,2,17
DA1191,2021-02-19,2021,2,4,19,2021-02-26,2021,2,4,26
DA1192,2021-02-28,2021,2,6,28,2021-02-28,2021,2,6,28
DA1193,2021-01-29,2021,1,4,29,2021-02-28,2021,2,6,28
DA1194,2021-02-10,2021,2,2,10,2021-03-02,2021,3,1,2
DA1195,2021-02-19,2021,2,4,19,2021-03-04,2021,3,3,4
DA1196,2021-03-02,2021,3,1,2,2021-03-02,2021,3,1,2
DA1197,2021-03-03,2021,3,2,3,2021-03-05,2021,3,4,5
DA1198,2021-02-24,2021,2,2,24,2021-02-27,2021,2,5,27
DA1199,2021-03-01,2021,3,0,1,2021-03-05,2021,3,4,5
DA1200,2021-03-02,2021,3,1,2,2021-03-05,2021,3,4,5
DA1201,2021-03-01,2021,3,0,1,2021-03-07,2021,3,6,7
DA1202,2021-03-05,2021,3,4,5,2021-03-08,2021,3,0,8
DA1203,2021-03-04,2021,3,3,4,2021-03-06,2021,3,5,6
DA1204,2021-03-10,2021,3,2,10,2021-03-10,2021,3,2,10
DA1205,2021-03-11,2021,3,3,11,2021-03-12,2021,3,4,12
DA1206,2021-03-12,2021,3,4,12,2021-03-12,2021,3,4,12
DA1207,2021-03-15,2021,3,0,15,2021-03-17,2021,3,2,17
DA1208,2021-03-07,2021,3,6,7,2021-03-11,2021,3,3,11
DA1209,2021-03-16,2021,3,1,16,2021-03-16,2021,3,1,16
DA1210,2021-03-10,2021,3,2,10,2021-03-17,2021,3,2,17
DA1211,2021-03-15,2021,3,0,15,2021-03-16,2021,3,1,16
DA1212,2021-03-18,2021,3,3,18,2021-03-18,2021,3,3,18
DA1213,2021-03-11,2021,3,3,11,2021-03-13,2021,3,5,13
DA1214,2021-03-16,2021,3,1,16,2021-03-19,2021,3,4,19
DA1215,2021-03-17,2021,3,2,17,2021-03-20,2021,3,5,20
DA1216,2021-03-21,2021,3,6,21,2021-03-22,2021,3,0,22
DA1217,2021-03-20,2021,3,5,20,2021-03-20,2021,3,5,20
DA1218,2021-03-16,2021,3,1,16,2021-03-20,2021,3,5,20
DA1219,2021-03-08,2021,3,0,8,2021-03-10,2021,3,2,10
DA1220,2017-06-25,2017,6,6,25,2017-06-25,2017,6,6,25
