ico_id,date_id,project_id,platform_id,category_id,token_role_id,raised_usd,ico_price,fundraise_goal,total_token,sold
ICO0,DA0,PRO0,PLAT0,CAT0,TR0,6600000,,,1000000000,15.6
ICO1,DA39,PRO46,PLAT0,CAT0,TR0,240000,0.25,240000,,
ICO2,DA309,PRO367,PLAT0,CAT0,TR0,6600000,0.36,28800000,1000000000,
ICO3,DA309,PRO368,PLAT2,CAT2,TR0,5500000,0.01,200000,10000000000,
ICO4,DA309,PRO369,PLAT1,CAT4,TR0,1810000,0.16,50000,100000000,
ICO5,DA1099,PRO1220,PLAT0,CAT0,TR0,1020000,0.15,125000,,
ICO6,DA1179,PRO1305,PLAT0,CAT0,TR0,22860000,0.06,,,5
ICO7,DA1179,PRO1311,PLAT2,CAT2,TR0,8300000,0.12,300000,400000000,32
ICO8,DA1180,PRO1306,PLAT0,CAT0,TR0,100000,0.05,100000,100000000,
ICO9,DA69,PRO84,PLAT1,CAT0,TR0,500000,0.1,500000,100000000,42
ICO10,DA69,PRO87,PLAT2,CAT2,TR0,1910000,,95000,10000000000,
ICO11,DA127,PRO160,PLAT1,CAT0,TR0,2000000,0.1,250000,,47.05
ICO12,DA127,PRO161,PLAT2,CAT3,TR0,3650000,0.2,150000,,
ICO13,DA251,PRO301,PLAT1,CAT0,TR0,27420000,0.1,30000000,3000000000,10
ICO14,DA1002,PRO1116,PLAT1,CAT0,TR0,6100000,0,,10000000000,40
ICO15,DA1002,PRO1117,PLAT2,CAT1,TR0,6030000,0,,6000000000,13
ICO16,DA1081,PRO1201,PLAT1,CAT0,TR0,560000,0.03,560000,1000000000,
ICO17,DA1150,PRO1273,PLAT1,CAT0,TR0,,,,200000000,
ICO18,DA1204,PRO1332,PLAT1,CAT0,TR0,3000000,20,3000000,,
ICO19,DA1204,PRO1331,PLAT2,CAT2,TR1,1350000,0.12,150000,120000000,1
ICO20,DA5,PRO5,PLAT2,CAT0,TR0,1700000,0.03,900000,470000000,14.9
ICO21,DA17,PRO17,PLAT2,CAT0,TR0,2300000,0.01,,10000000000,15
ICO22,DA17,PRO22,PLAT2,CAT1,TR0,970000,0.05,81250,65000000,35
ICO23,DA18,PRO19,PLAT2,CAT0,TR0,500000,,,,
ICO24,DA22,PRO24,PLAT2,CAT0,TR0,3000000,,,,
ICO25,DA24,PRO26,PLAT2,CAT0,TR0,4000000,0.3,3990000,,
ICO26,DA26,PRO28,PLAT2,CAT0,TR0,2600000,0.17,,100000000,
ICO27,DA23,PRO30,PLAT2,CAT0,TR0,130000,0.03,,10000000000,
ICO28,DA23,PRO33,PLAT4,CAT0,TR0,450000,0.45,450000,,
ICO29,DA23,PRO25,PLAT2,CAT2,TR0,90000,0.4,,10000000,
ICO30,DA23,PRO43,PLAT2,CAT2,TR0,3040000,0.04,160000,400000000,
ICO31,DA33,PRO39,PLAT2,CAT0,TR0,37600000,4.3,25800000,200000000,3
ICO32,DA37,PRO44,PLAT2,CAT0,TR0,1410000,0.12,100000,100000000,
ICO33,DA37,PRO50,PLAT4,CAT0,TR0,48150000,0.25,18750000,,28
ICO34,DA50,PRO62,PLAT2,CAT0,TR0,600000,0.06,600000,,
ICO35,DA52,PRO64,PLAT2,CAT0,TR0,2500000,0.03,,500000000,20
ICO36,DA54,PRO66,PLAT2,CAT0,TR0,2400000,0.5,1000000,100000000,
ICO37,DA56,PRO68,PLAT2,CAT0,TR0,3580000,0.25,325000,100000000,
ICO38,DA56,PRO72,PLAT2,CAT2,TR0,,0.12,,,
ICO39,DA58,PRO70,PLAT2,CAT0,TR0,70000,0.05,70000,100000000,7
ICO40,DA67,PRO82,PLAT2,CAT0,TR0,11000000,17.09,,,
ICO41,DA70,PRO86,PLAT2,CAT0,TR0,5200000,2.93,5200750,100000000,
ICO42,DA74,PRO91,PLAT2,CAT0,TR0,4700000,,,,
ICO43,DA80,PRO99,PLAT2,CAT0,TR0,3000000,1,,100000000,
ICO44,DA84,PRO111,PLAT2,CAT0,TR0,1510000,0.05,507600,182000000,
ICO45,DA84,PRO106,PLAT2,CAT1,TR0,2250000,,,100000000,20
ICO46,DA84,PRO110,PLAT2,CAT2,TR0,4550000,,,200000000,30
ICO47,DA90,PRO114,PLAT2,CAT0,TR0,75000,0.5,75000,100000000,
ICO48,DA101,PRO129,PLAT2,CAT0,TR0,200000,0.2,200000,100000000,21
ICO49,DA108,PRO138,PLAT2,CAT0,TR0,59750000,15,73125000,64999723,7.5
ICO50,DA113,PRO143,PLAT2,CAT0,TR0,1500000,0.3,250000,100000000,
ICO51,DA116,PRO146,PLAT2,CAT0,TR0,1500000,0.25,200000,50000000,
ICO52,DA116,PRO147,PLAT2,CAT1,TR0,8500000,2,500000,,
ICO53,DA118,PRO149,PLAT2,CAT0,TR0,450000,0.15,450000,150000000,33
ICO54,DA119,PRO151,PLAT2,CAT0,TR0,1500000,0.25,160000,100000000,16
ICO55,DA120,PRO152,PLAT2,CAT0,TR0,240000,,,150000000,
ICO56,DA141,PRO176,PLAT2,CAT0,TR0,3400000,1,40000000,1000000000,15
ICO57,DA167,PRO205,PLAT2,CAT0,TR0,8100000,0.01,200000,10000000000,19.8
ICO58,DA171,PRO209,PLAT2,CAT0,TR0,1160000,0.4,,100000000,
ICO59,DA189,PRO229,PLAT2,CAT0,TR0,100000,,,150000000,
ICO60,DA189,PRO231,PLAT2,CAT1,TR0,1060000,,,500000000,
ICO61,DA192,PRO233,PLAT2,CAT0,TR0,2100000,,,100000000,33
ICO62,DA191,PRO235,PLAT2,CAT0,TR0,1470000,0.09,,,13
ICO63,DA191,PRO232,PLAT2,CAT3,TR0,2000000,0.25,750000,150000000,25
ICO64,DA199,PRO244,PLAT2,CAT0,TR0,1000000,0.01,100250,10000000000,1
ICO65,DA199,PRO242,PLAT2,CAT0,TR1,300000,0,300000,10000000000,1
ICO66,DA211,PRO255,PLAT2,CAT0,TR0,13000000,0.15,15000000,2000000000,5
ICO67,DA217,PRO261,PLAT2,CAT0,TR0,3000000,2.5,5000000,100000000,
ICO68,DA223,PRO267,PLAT2,CAT0,TR0,,,,150000000,
ICO69,DA223,PRO277,PLAT2,CAT0,TR0,,,,1E+11,
ICO70,DA223,PRO270,PLAT2,CAT1,TR0,,,,,
ICO71,DA227,PRO272,PLAT2,CAT0,TR0,310000,,,1000000000,
ICO72,DA228,PRO273,PLAT2,CAT0,TR0,7140000,0.96,4800000,1000000000,
ICO73,DA230,PRO275,PLAT2,CAT0,TR0,5000000,0.32,175000,100000000,22.54
ICO74,DA232,PRO278,PLAT2,CAT0,TR0,4410000,0.21,4410000,420000000,
ICO75,DA240,PRO287,PLAT2,CAT0,TR0,1500000,1,,300000000,
ICO76,DA249,PRO298,PLAT2,CAT0,TR0,24800000,8.62,,,
ICO77,DA268,PRO319,PLAT2,CAT0,TR0,4200000,0.03,600000,,1
ICO78,DA271,PRO322,PLAT2,CAT0,TR0,2400000,0,300000,1E+11,
ICO79,DA272,PRO323,PLAT2,CAT0,TR0,3650000,0.06,300000,1000000000,
ICO80,DA272,PRO328,PLAT3,CAT0,TR0,11760000,0.04,160000,1700000000,
ICO81,DA278,PRO331,PLAT2,CAT0,TR0,2500000,0.03,100000,,
ICO82,DA321,PRO382,PLAT2,CAT0,TR0,5360000,0.45,1220000,100000000,
ICO83,DA353,PRO416,PLAT2,CAT0,TR0,32000000,0.03,2000000,4000000000,
ICO84,DA367,PRO434,PLAT2,CAT0,TR0,10080000,1,1093750,100000000,
ICO85,DA371,PRO441,PLAT2,CAT0,TR0,22000000,1.65,24750000,1000000000,
ICO86,DA371,PRO439,PLAT2,CAT2,TR0,6000000,,,,
ICO87,DA378,PRO451,PLAT2,CAT0,TR0,15000000,0.45,40500000,1000000000,
ICO88,DA378,PRO447,PLAT2,CAT3,TR0,38300000,0.07,35000000,,
ICO89,DA381,PRO453,PLAT2,CAT0,TR0,6200000,0.1,500000,500000000,
ICO90,DA396,PRO470,PLAT2,CAT0,TR0,10000000,0.01,4536000,7200000000,25
ICO91,DA399,PRO486,PLAT2,CAT0,TR0,80000,0.04,80000,2000000000,
ICO92,DA399,PRO475,PLAT2,CAT0,TR1,11350000,0.01,7200000,10000000000,5
ICO93,DA399,PRO484,PLAT2,CAT1,TR0,3150000,0,148000,3000000000,20
ICO94,DA411,PRO491,PLAT2,CAT0,TR0,1450000,0.01,200000,5000000000,
ICO95,DA411,PRO493,PLAT1,CAT4,TR0,1900000,0.06,450000,250000000,
ICO96,DA467,PRO555,PLAT2,CAT0,TR0,10230000,2.83,22640000,100000000,
ICO97,DA475,PRO563,PLAT2,CAT0,TR0,,,,,
ICO98,DA506,PRO596,PLAT2,CAT0,TR0,100000,0.29,100000,1000000000,
ICO99,DA509,PRO599,PLAT2,CAT0,TR0,25000000,0.25,25000000,1000000000,
ICO100,DA515,PRO607,PLAT2,CAT0,TR0,2500000,0.15,400000,100000000,
ICO101,DA559,PRO653,PLAT2,CAT0,TR0,12000000,0.01,2500000,10000000000,
ICO102,DA560,PRO654,PLAT2,CAT0,TR0,3240000,0.02,3740000,4000000000,
ICO103,DA577,PRO671,PLAT2,CAT0,TR0,800000,0.1,800000,692000000,1.2
ICO104,DA583,PRO677,PLAT2,CAT0,TR0,500000,0.25,350000,1000000000,
ICO105,DA583,PRO680,PLAT2,CAT7,TR0,300000,0,,15000000000,
ICO106,DA585,PRO679,PLAT2,CAT0,TR0,23000000,,,,
ICO107,DA592,PRO687,PLAT2,CAT0,TR0,8500000,,500000,12000000000,
ICO108,DA607,PRO703,PLAT2,CAT0,TR0,2600000,1,200000,100000000,
ICO109,DA631,PRO728,PLAT2,CAT0,TR0,4000000,,,,
ICO110,DA637,PRO734,PLAT2,CAT0,TR0,250000,250,,1000,
ICO111,DA675,PRO773,PLAT2,CAT0,TR0,9000000,,,1000000000,
ICO112,DA681,PRO779,PLAT2,CAT0,TR0,8500000,0.1,2500000,500000000,25
ICO113,DA681,PRO783,PLAT8,CAT1,TR0,170000,0.02,170000,4000000000,
ICO114,DA705,PRO804,PLAT2,CAT0,TR0,4500000,0.2,268000,200000000,
ICO115,DA718,PRO817,PLAT2,CAT0,TR0,4200000,0.1,,400000000,8.25
ICO116,DA762,PRO861,PLAT2,CAT0,TR0,30400000,1.8,5400000,100000000,28.12
ICO117,DA852,PRO954,PLAT2,CAT0,TR0,19110000,,,1000000000,25
ICO118,DA890,PRO997,PLAT2,CAT0,TR0,25500000,0.04,,1755313373,40
ICO119,DA892,PRO999,PLAT2,CAT0,TR0,9450000,,,500000000,50
ICO120,DA946,PRO1053,PLAT2,CAT0,TR0,21000000,0.09,6000000,1152997575,17.6
ICO121,DA966,PRO1074,PLAT2,CAT0,TR0,4000000,0,,10000000000,20
ICO122,DA967,PRO1075,PLAT2,CAT0,TR0,5000000,0.01,3000000,,
ICO123,DA975,PRO1087,PLAT2,CAT0,TR0,1000000,0.02,,1000000000,0.5
ICO124,DA975,PRO1085,PLAT2,CAT1,TR0,500000,0.01,,10000000000,0.5
ICO125,DA996,PRO1110,PLAT2,CAT0,TR0,11000000,0.07,,,30
ICO126,DA1014,PRO1130,PLAT2,CAT0,TR0,5000000,0.98,,50000000,10
ICO127,DA1038,PRO1156,PLAT2,CAT0,TR0,2000000,0.2,,250000000,
ICO128,DA1041,PRO1160,PLAT2,CAT0,TR0,6700000,0.08,6700000,1033200000,56.23
ICO129,DA1046,PRO1165,PLAT2,CAT0,TR0,10850000,0.47,,100000000,27.37
ICO130,DA1073,PRO1193,PLAT2,CAT0,TR0,10000,0.1,3450000,100000000,45
ICO131,DA1097,PRO1218,PLAT2,CAT0,TR0,250000,0.1,250000,9900000,25.25
ICO132,DA1103,PRO1224,PLAT2,CAT0,TR0,7150000,1.3,9750000,150000000,
ICO133,DA1104,PRO1225,PLAT2,CAT0,TR0,1040000,52,1040000,1000000,
ICO134,DA1105,PRO1226,PLAT2,CAT0,TR0,5250000,0.03,4375000,4140000000,1.8
ICO135,DA1111,PRO1232,PLAT2,CAT0,TR0,310000,0.01,80000,10000000000,
ICO136,DA1125,PRO1247,PLAT2,CAT0,TR0,200000,0.05,200000,,
ICO137,DA1129,PRO1251,PLAT2,CAT0,TR0,12000000,0.03,,10000000000,
ICO138,DA1140,PRO1263,PLAT2,CAT0,TR0,4400000,0.45,,100000000,
ICO139,DA1148,PRO1271,PLAT2,CAT0,TR0,1410000,0.55,50000,8795645,
ICO140,DA1148,PRO1277,PLAT2,CAT3,TR0,680000,0.03,,,
ICO141,DA1166,PRO1291,PLAT2,CAT0,TR0,70000,0.7,70000,5000000,44
ICO142,DA1166,PRO1294,PLAT2,CAT2,TR0,60600,0.05,60600,88888888,
ICO143,DA1184,PRO1310,PLAT2,CAT0,TR0,,0.25,,100000000,
ICO144,DA1188,PRO1315,PLAT2,CAT0,TR0,2600000,0.1,400000,,
ICO145,DA1194,PRO1321,PLAT2,CAT0,TR0,8300000,6500,7800000,10000,
ICO146,DA1196,PRO1323,PLAT2,CAT0,TR0,130000,0.19,130000,100000000,0.67
ICO147,DA1198,PRO1325,PLAT2,CAT0,TR0,10000000,0.05,500000,,
ICO148,DA1200,PRO1327,PLAT2,CAT0,TR0,4000000,,,100000000,26
ICO149,DA1208,PRO1336,PLAT2,CAT0,TR0,,0.16,,90000000,26.5
ICO150,DA1213,PRO1341,PLAT2,CAT0,TR0,7000000,4,20000000,100000000,
ICO151,DA1219,PRO1347,PLAT2,CAT0,TR0,2930000,10,,1000000,46
ICO152,DA104,PRO133,PLAT2,CAT0,TR1,2700000,0.08,445000,100000000,35
ICO153,DA136,PRO171,PLAT2,CAT0,TR1,7500000,134,10050000,500000,15
ICO154,DA182,PRO220,PLAT2,CAT0,TR1,3000000,0.12,300000,200000000,19.27
ICO155,DA258,PRO308,PLAT2,CAT0,TR1,3000000,0.01,3000000,10000000000,
ICO156,DA275,PRO326,PLAT2,CAT0,TR1,180000,0.35,175000,100000000,2
ICO157,DA275,PRO329,PLAT2,CAT4,TR0,1850000,0.13,195000,100000000,
ICO158,DA341,PRO403,PLAT2,CAT0,TR1,,,,20682,
ICO159,DA389,PRO462,PLAT2,CAT0,TR1,10000000,0.1,10000000,1000000000,
ICO160,DA394,PRO471,PLAT2,CAT0,TR1,9000000,0.01,1000000,10000000000,25
ICO161,DA394,PRO467,PLAT2,CAT1,TR0,5700000,0.7,700000,100000000,
ICO162,DA413,PRO494,PLAT2,CAT0,TR1,20000000,0.4,10000000,500000000,
ICO163,DA465,PRO553,PLAT2,CAT0,TR1,9900000,0.65,6500000,200000000,
ICO164,DA490,PRO578,PLAT2,CAT0,TR1,69000000,,,69420000000,
ICO165,DA540,PRO634,PLAT2,CAT0,TR1,30000000,0.05,20000000,5000000000,
ICO166,DA620,PRO717,PLAT2,CAT0,TR1,460000,0.04,460000,1000000000,
ICO167,DA684,PRO782,PLAT2,CAT0,TR1,28200000,,,1000000000,
ICO168,DA1160,PRO1285,PLAT2,CAT0,TR1,3290000,,200000,8888,
ICO169,DA1162,PRO1287,PLAT2,CAT0,TR1,1050000,0.1,50000,100000000,10
ICO170,DA1207,PRO1335,PLAT2,CAT0,TR1,4500000,4.5,,100000000,2
ICO171,DA451,PRO536,PLAT3,CAT0,TR0,17800000,1,4000000,100000000,
ICO172,DA451,PRO537,PLAT1,CAT4,TR0,400000,0.2,400000,100000000,
ICO173,DA451,PRO538,PLAT2,CAT4,TR0,8200000,0.14,4194000,1000000000,15
ICO174,DA450,PRO535,PLAT3,CAT0,TR1,1200000,0.12,1200000,1000000000,
ICO175,DA66,PRO85,PLAT4,CAT0,TR0,11200000,6,1200000,10000000,22
ICO176,DA66,PRO81,PLAT2,CAT9,TR0,28295,,,100000000,
ICO177,DA469,PRO557,PLAT4,CAT0,TR0,53250000,0.5,31250000,1000000000,7.5
ICO178,DA472,PRO560,PLAT4,CAT0,TR0,,,,1000000000,
ICO179,DA484,PRO572,PLAT4,CAT0,TR0,20000000,,,1000000000,
ICO180,DA1034,PRO1152,PLAT21,CAT0,TR0,500000,0.03,,400000000,5
ICO181,DA63,PRO77,PLAT0,CAT1,TR0,57400000,0.2,30000000,1000000000,17.5
ICO182,DA63,PRO93,PLAT2,CAT2,TR0,1670000,,,,
ICO183,DA99,PRO134,PLAT0,CAT1,TR0,150000,0.01,,2500000000,26
ICO184,DA99,PRO126,PLAT1,CAT2,TR0,2900000,2,2900000,10000000,
ICO185,DA205,PRO249,PLAT0,CAT1,TR0,30500000,0.25,20000000,1000000000,
ICO186,DA305,PRO361,PLAT0,CAT1,TR0,15000000,0.3,630000,1000000000,
ICO187,DA359,PRO423,PLAT0,CAT1,TR0,,,,1000000000,
ICO188,DA400,PRO477,PLAT0,CAT1,TR0,,0.51,719600000,7000000000,
ICO189,DA677,PRO775,PLAT0,CAT1,TR0,15000000,,,1000000000,
ICO190,DA1171,PRO1297,PLAT0,CAT1,TR0,150000,0.04,150000,594717456,
ICO191,DA1,PRO1,PLAT1,CAT1,TR0,,0.02,50000,500000000,
ICO192,DA4,PRO4,PLAT1,CAT1,TR0,3590000,0.02,510000,1000000000,18
ICO193,DA16,PRO16,PLAT1,CAT1,TR0,,0.1,,100000000,10
ICO194,DA35,PRO41,PLAT1,CAT1,TR0,7500000,0.1,7500000,500000000,
ICO195,DA48,PRO59,PLAT1,CAT1,TR0,860000,0.01,30000,500000000,38.6
ICO196,DA145,PRO180,PLAT1,CAT1,TR0,700000,0,100000,1000000000,35
ICO197,DA198,PRO240,PLAT1,CAT1,TR0,2300000,0,220000,10000000000,
ICO198,DA229,PRO274,PLAT1,CAT1,TR0,3720000,0.08,120000,250000000,
ICO199,DA231,PRO276,PLAT1,CAT1,TR0,1160000,0.01,80000,1000000000,
ICO200,DA233,PRO279,PLAT1,CAT1,TR0,1950000,0.02,156000,680000000,
ICO201,DA260,PRO310,PLAT1,CAT1,TR0,3500000,0.05,120000,250000000,
ICO202,DA266,PRO317,PLAT1,CAT1,TR0,1000000,,,950000000,14
ICO203,DA276,PRO327,PLAT1,CAT1,TR0,4000000,1,4000000,40000000,
ICO204,DA301,PRO356,PLAT1,CAT1,TR0,2090000,0.3,360000,100000000,
ICO205,DA302,PRO362,PLAT1,CAT1,TR0,130000,0.1,132000,300000000,
ICO206,DA302,PRO358,PLAT2,CAT1,TR0,1700000,0.03,,540000000,
ICO207,DA322,PRO383,PLAT1,CAT1,TR0,4000000,1,4000000,40000000,
ICO208,DA323,PRO384,PLAT1,CAT1,TR0,870000,0.18,69231,100000000,
ICO209,DA323,PRO389,PLAT2,CAT4,TR0,100000,0.05,100000,200000000,
ICO210,DA332,PRO394,PLAT1,CAT1,TR0,60000,0.04,60000,,
ICO211,DA333,PRO395,PLAT1,CAT1,TR0,5510000,,,1E+11,
ICO212,DA393,PRO466,PLAT1,CAT1,TR0,,,,20000000,
ICO213,DA417,PRO499,PLAT1,CAT1,TR0,2850000,0.08,195000,1000000000,
ICO214,DA418,PRO500,PLAT1,CAT1,TR0,,,,30000000,
ICO215,DA443,PRO528,PLAT1,CAT1,TR0,2250000,0.02,600000,1000000000,
ICO216,DA479,PRO567,PLAT1,CAT1,TR0,4000000,1,4000000,40000000,
ICO217,DA495,PRO584,PLAT1,CAT1,TR0,3330000,0.09,108000,200000000,
ICO218,DA524,PRO625,PLAT1,CAT1,TR0,3140000,0.02,136025,5000000000,
ICO219,DA524,PRO617,PLAT2,CAT1,TR0,2810000,0,30000,50000000000,
ICO220,DA544,PRO638,PLAT1,CAT1,TR0,4600000,0.08,6000000,1000000000,
ICO221,DA548,PRO642,PLAT1,CAT1,TR0,1560000,0.01,242500,1000000000,
ICO222,DA557,PRO651,PLAT1,CAT1,TR0,9250000,0.08,4000000,1000000000,
ICO223,DA574,PRO668,PLAT1,CAT1,TR0,30000,1,,100000000,24
ICO224,DA644,PRO742,PLAT1,CAT1,TR0,80000,0.05,80000,1000000000,
ICO225,DA653,PRO751,PLAT1,CAT1,TR0,1430000,0.01,300000,5000000000,9
ICO226,DA669,PRO767,PLAT1,CAT1,TR0,500000,0.01,500000,1000000000,
ICO227,DA693,PRO792,PLAT1,CAT1,TR0,,,300000,1000000000,27
ICO228,DA710,PRO809,PLAT1,CAT1,TR0,1200000,0.01,750000,1000000000,14
ICO229,DA719,PRO818,PLAT1,CAT1,TR0,12500000,0.03,2500000,2000000000,
ICO230,DA749,PRO848,PLAT1,CAT1,TR0,,0.01,850000,1000000000,11.5
ICO231,DA1009,PRO1125,PLAT1,CAT1,TR0,5150000,0,,20000000000,44
ICO232,DA1024,PRO1141,PLAT1,CAT1,TR0,1520000,0.03,700000,1000000000,2
ICO233,DA1028,PRO1146,PLAT1,CAT1,TR0,2790000,0.08,500000,150000000,35.55
ICO234,DA1084,PRO1204,PLAT1,CAT1,TR0,236500000,,,190000000,
ICO235,DA1229,PRO1359,PLAT1,CAT1,TR0,12000000,0.05,2500000,1000000000,5
ICO236,DA12,PRO12,PLAT2,CAT1,TR0,2500000,0.35,4175000,200000000,14.4
ICO237,DA15,PRO15,PLAT2,CAT1,TR0,,0.25,,,
ICO238,DA15,PRO18,PLAT2,CAT3,TR0,1660000,0.75,225000,10000000,
ICO239,DA25,PRO27,PLAT2,CAT1,TR0,750000,0.01,750000,10000000000,
ICO240,DA30,PRO35,PLAT2,CAT1,TR0,100000,0.05,100000,100000000,
ICO241,DA30,PRO34,PLAT2,CAT3,TR0,260000,0.23,101250,10000000,
ICO242,DA40,PRO47,PLAT2,CAT1,TR0,110000,0.08,112125,100000000,
ICO243,DA41,PRO49,PLAT2,CAT1,TR0,2830000,0.12,125000,208969354,
ICO244,DA45,PRO55,PLAT2,CAT1,TR0,3000000,0.3,,100000000,
ICO245,DA47,PRO61,PLAT2,CAT1,TR0,1900000,,,255000000,
ICO246,DA47,PRO57,PLAT2,CAT9,TR0,2200000,0.1,50000,120000000,
ICO247,DA53,PRO65,PLAT2,CAT1,TR0,,0.1,,100000000,6.5
ICO248,DA59,PRO71,PLAT2,CAT1,TR0,14440000,0.35,9450000,1000000000,56.5
ICO249,DA71,PRO88,PLAT2,CAT1,TR0,2000000,,,10000000000,
ICO250,DA73,PRO90,PLAT2,CAT1,TR0,830000,,,,
ICO251,DA78,PRO97,PLAT2,CAT1,TR0,3000000,5,,10000000,
ICO252,DA83,PRO105,PLAT2,CAT1,TR0,780000,0.04,,200000000,16.14
ICO253,DA83,PRO104,PLAT2,CAT2,TR0,1420000,0.1,170000,75000000,21.5
ICO254,DA85,PRO107,PLAT2,CAT1,TR0,2200000,0.12,180000,100000000,30
ICO255,DA87,PRO109,PLAT2,CAT1,TR0,2000000,5.49,,,
ICO256,DA87,PRO116,PLAT2,CAT1,TR0,5000000,0.5,,50000000,41
ICO257,DA88,PRO112,PLAT2,CAT1,TR0,2640000,0,2639974,9.9999E+14,
ICO258,DA88,PRO117,PLAT2,CAT1,TR0,1240000,,,65000000,20.3
ICO259,DA89,PRO113,PLAT2,CAT1,TR0,1320000,0.6,200000,15000000,19.01
ICO260,DA94,PRO121,PLAT2,CAT1,TR0,800000,4.96,19840000,100000000,
ICO261,DA98,PRO125,PLAT2,CAT1,TR0,1000000,0,160000,,32
ICO262,DA102,PRO130,PLAT2,CAT1,TR0,1700000,0.07,50000,200000000,21.77
ICO263,DA102,PRO131,PLAT2,CAT7,TR0,2400000,0,20000,,
ICO264,DA111,PRO141,PLAT2,CAT1,TR0,2000000,0.05,333000,,
ICO265,DA114,PRO144,PLAT2,CAT1,TR0,3000000,0.05,200000,888888888,
ICO266,DA115,PRO145,PLAT2,CAT1,TR0,1830000,,,,
ICO267,DA121,PRO153,PLAT2,CAT1,TR0,1500000,0.4,140000,100000000,11.35
ICO268,DA122,PRO154,PLAT2,CAT1,TR0,15930000,1.92,,,
ICO269,DA122,PRO156,PLAT1,CAT9,TR0,4300000,0.05,243750,1000000000,15.5
ICO270,DA125,PRO158,PLAT2,CAT1,TR0,2120000,0.05,225000,300000000,19.5
ICO271,DA128,PRO162,PLAT2,CAT1,TR0,100100000,0.75,90000000,,
ICO272,DA129,PRO163,PLAT2,CAT1,TR0,1600000,,,100000000,16.9
ICO273,DA133,PRO167,PLAT2,CAT1,TR0,140000000,3,,,
ICO274,DA131,PRO169,PLAT2,CAT1,TR0,1700000,0.03,,1000000000,8
ICO275,DA131,PRO165,PLAT1,CAT9,TR0,120000,0.01,120000,1000000000,10
ICO276,DA139,PRO174,PLAT2,CAT1,TR0,490000,,,64359360,
ICO277,DA140,PRO175,PLAT2,CAT1,TR0,38900000,0.2,20000000,2000000000,20
ICO278,DA142,PRO177,PLAT2,CAT1,TR0,,,,,
ICO279,DA144,PRO179,PLAT2,CAT1,TR0,28250000,0.5,20000000,1000000000,11216
ICO280,DA146,PRO181,PLAT2,CAT1,TR0,3370000,0.04,250000,1000000000,
ICO281,DA148,PRO183,PLAT2,CAT1,TR0,,1,1327433,10602731555,
ICO282,DA150,PRO185,PLAT2,CAT1,TR0,2700000,0.09,331000,100000000,38
ICO283,DA150,PRO187,PLAT2,CAT2,TR0,200000,0.02,,,18
ICO284,DA150,PRO186,PLAT2,CAT9,TR0,1300000,,,,
ICO285,DA151,PRO188,PLAT2,CAT1,TR0,320000,,,1000000000,
ICO286,DA153,PRO190,PLAT2,CAT1,TR0,2170000,0.02,153000,1000000000,18.9
ICO287,DA156,PRO193,PLAT2,CAT1,TR0,2680000,0.35,175000,25000000,46.35
ICO288,DA162,PRO200,PLAT2,CAT1,TR0,,0.01,,,
ICO289,DA170,PRO208,PLAT2,CAT1,TR0,1400000,0.2,50000,100000000,21
ICO290,DA172,PRO210,PLAT2,CAT1,TR0,17920000,,,4000000000,
ICO291,DA173,PRO211,PLAT2,CAT1,TR0,632000000,2,400000000,10000000000,
ICO292,DA175,PRO213,PLAT2,CAT1,TR0,250000,0.1,250000,110000000,8.3
ICO293,DA178,PRO216,PLAT2,CAT1,TR0,84125,5,34125,,30.1
ICO294,DA179,PRO217,PLAT2,CAT1,TR0,33000,0.01,330000,1000000000,
ICO295,DA181,PRO219,PLAT2,CAT1,TR0,920000,0.04,160000,200000000,15
ICO296,DA183,PRO221,PLAT2,CAT1,TR0,2750000,0.01,280000,1000000000,24
ICO297,DA193,PRO234,PLAT2,CAT1,TR0,2120000,0.02,290000,800000000,21
ICO298,DA202,PRO246,PLAT2,CAT1,TR0,1250000,0.35,250000,100000000,
ICO299,DA203,PRO247,PLAT2,CAT1,TR0,700000,0.14,5000000,180000000,
ICO300,DA212,PRO256,PLAT2,CAT1,TR0,2750000,0.01,,1000000000,45
ICO301,DA220,PRO264,PLAT2,CAT1,TR0,2320000,0.1,,95000000,
ICO302,DA234,PRO280,PLAT2,CAT1,TR0,5700000,0.05,445000,1000000000,24
ICO303,DA234,PRO286,PLAT2,CAT2,TR0,6600000,0.32,9600000,1000000000,17
ICO304,DA237,PRO283,PLAT2,CAT1,TR0,3370000,0.04,590000,500000000,20
ICO305,DA238,PRO289,PLAT2,CAT1,TR0,3620000,4,420000,,
ICO306,DA238,PRO284,PLAT1,CAT4,TR0,1620000,0.02,300000,1000000000,
ICO307,DA245,PRO293,PLAT2,CAT1,TR0,,0.1,,505000000,
ICO308,DA248,PRO297,PLAT2,CAT1,TR0,4900000,0,,2E+11,16
ICO309,DA257,PRO307,PLAT2,CAT1,TR0,2530000,0.12,216000,,
ICO310,DA257,PRO311,PLAT2,CAT4,TR0,2090000,0.17,594000,100000000,
ICO311,DA261,PRO312,PLAT2,CAT1,TR0,2650000,0.12,600000,100000000,
ICO312,DA262,PRO313,PLAT2,CAT1,TR0,450000,,450000,,
ICO313,DA264,PRO315,PLAT2,CAT1,TR0,2800000,0.03,475000,1000000000,17.2
ICO314,DA284,PRO339,PLAT2,CAT1,TR0,1280000,0.01,20000,100000000,19
ICO315,DA284,PRO337,PLAT2,CAT4,TR0,200000,0.6,,75000000,
ICO316,DA286,PRO340,PLAT2,CAT1,TR0,3100000,0.04,100000,1000000000,
ICO317,DA288,PRO342,PLAT2,CAT1,TR0,12000000,0.09,4500000,1000000000,
ICO318,DA289,PRO343,PLAT2,CAT1,TR0,2480000,0.15,1357500,100000000,
ICO319,DA289,PRO344,PLAT2,CAT2,TR0,1800000,0.1,200000,117718487,20
ICO320,DA291,PRO346,PLAT2,CAT1,TR0,990000,0.03,500000,5000000000,
ICO321,DA294,PRO349,PLAT2,CAT1,TR0,2750000,0.25,245000,100000000,
ICO322,DA306,PRO364,PLAT2,CAT1,TR0,2290000,0.01,180000,2000000000,
ICO323,DA307,PRO365,PLAT2,CAT1,TR0,95000,0.02,95000,1000000000,
ICO324,DA311,PRO371,PLAT2,CAT1,TR0,2580000,0.03,221000,500000000,21
ICO325,DA312,PRO372,PLAT2,CAT1,TR0,2250000,1.4,350000,10000000,
ICO326,DA312,PRO374,PLAT3,CAT4,TR0,3680000,0.03,640000,1000000000,
ICO327,DA313,PRO373,PLAT2,CAT1,TR0,2200000,0.01,420000,1000000000,21
ICO328,DA317,PRO378,PLAT2,CAT1,TR0,13000000,2.19,30971606,300000000,21.5
ICO329,DA327,PRO388,PLAT2,CAT1,TR0,13000000,1,1000000,1000000000,
ICO330,DA328,PRO390,PLAT2,CAT1,TR0,19270000,1.24,,240000000,
ICO331,DA330,PRO392,PLAT2,CAT1,TR0,31400000,0.31,24632000,1000000000,
ICO332,DA339,PRO401,PLAT2,CAT1,TR0,40000000,0.6,30000000,1000000000,
ICO333,DA339,PRO404,PLAT2,CAT1,TR0,2270000,0.08,480000,100000000,
ICO334,DA340,PRO402,PLAT2,CAT1,TR0,2000000,3.5,2030000,150000000,2
ICO335,DA344,PRO407,PLAT2,CAT1,TR0,50000000,1,50000000,,
ICO336,DA345,PRO408,PLAT2,CAT1,TR0,11560000,0.05,61706,,
ICO337,DA346,PRO409,PLAT2,CAT1,TR0,6000000,0.04,2000000,1000000000,
ICO338,DA356,PRO420,PLAT2,CAT1,TR0,5700000,,,,
ICO339,DA356,PRO424,PLAT3,CAT4,TR0,27400000,0.04,400000,1000000000,15
ICO340,DA360,PRO425,PLAT2,CAT1,TR0,21100000,0.3,600000,1000000000,
ICO341,DA361,PRO427,PLAT2,CAT1,TR0,8300000,6,3300000,10000000,
ICO342,DA373,PRO442,PLAT2,CAT1,TR0,10170000,0.02,78000000,7800000000,
ICO343,DA375,PRO448,PLAT2,CAT1,TR0,21000000,0.3,2000000,150000000,
ICO344,DA375,PRO444,PLAT1,CAT2,TR0,350000,,,2000000000,
ICO345,DA375,PRO450,PLAT2,CAT4,TR0,2340000,0.03,295000,360000000,
ICO346,DA386,PRO459,PLAT2,CAT1,TR0,20000000,2.47,,100000000,
ICO347,DA391,PRO469,PLAT2,CAT1,TR0,1500000,0.02,300000,1000000000,
ICO348,DA391,PRO464,PLAT2,CAT2,TR0,5000000,0.01,,,
ICO349,DA397,PRO472,PLAT2,CAT1,TR0,2420000,0.13,702000,100000000,
ICO350,DA395,PRO478,PLAT2,CAT1,TR0,4400000,0.02,360000,1000000000,
ICO351,DA395,PRO468,PLAT2,CAT4,TR0,5750000,0.06,750000,1000000000,
ICO352,DA404,PRO482,PLAT2,CAT1,TR0,21200000,0.37,,1000000000,
ICO353,DA406,PRO485,PLAT2,CAT1,TR0,2900000,0.02,600000,1000000000,
ICO354,DA420,PRO502,PLAT2,CAT1,TR0,2260000,0.15,456000,100000000,
ICO355,DA421,PRO503,PLAT2,CAT1,TR0,15000000,0.2,10000000,2000000000,
ICO356,DA424,PRO507,PLAT2,CAT1,TR0,31100000,0.07,,10000000000,
ICO357,DA424,PRO506,PLAT2,CAT2,TR0,3080000,20,1500000,100000000,
ICO358,DA429,PRO512,PLAT2,CAT1,TR0,,,,100000000,
ICO359,DA430,PRO513,PLAT2,CAT1,TR0,27200000,1.64,65732000,1000000000,3.99
ICO360,DA431,PRO514,PLAT2,CAT1,TR0,,,,1716000000,
ICO361,DA433,PRO516,PLAT2,CAT1,TR0,1250000,0.03,1250000,1000000000,
ICO362,DA438,PRO522,PLAT2,CAT1,TR0,10000000,0.25,20000000,1000000000,
ICO363,DA448,PRO533,PLAT2,CAT1,TR0,430000,0.03,432000,1000000000,
ICO364,DA453,PRO540,PLAT2,CAT1,TR0,1900000,0.04,300000,1000000000,
ICO365,DA459,PRO546,PLAT2,CAT1,TR0,,,,1000000000,
ICO366,DA460,PRO547,PLAT2,CAT1,TR0,1950000,0.18,489600,100000000,
ICO367,DA460,PRO551,PLAT1,CAT4,TR0,11550000,0.07,1050000,1000000000,
ICO368,DA463,PRO550,PLAT2,CAT1,TR0,10100000,1.2,4800000,100000000,
ICO369,DA466,PRO554,PLAT2,CAT1,TR0,110000000,2.57,32125000,1000000000,
ICO370,DA474,PRO562,PLAT2,CAT1,TR0,1000000,0.05,851750,1000000000,
ICO371,DA481,PRO569,PLAT2,CAT1,TR0,150000,0.06,150000,1777316069,
ICO372,DA489,PRO577,PLAT2,CAT1,TR0,1000000,0.14,375000,250000000,
ICO373,DA491,PRO579,PLAT2,CAT1,TR0,4250000,1.5,6500000,100000000,25.5
ICO374,DA492,PRO580,PLAT2,CAT1,TR0,100000,0.06,100000,1000000000,
ICO375,DA493,PRO581,PLAT2,CAT1,TR0,30160000,159.63,150052,710112,
ICO376,DA493,PRO586,PLAT2,CAT1,TR0,2170000,0.03,30000,600000000,
ICO377,DA493,PRO582,PLAT2,CAT2,TR0,1200000,0.03,108205,1000000000,
ICO378,DA494,PRO583,PLAT2,CAT1,TR0,10700000,0.02,525000,10000000000,
ICO379,DA503,PRO593,PLAT2,CAT1,TR0,40020000,4.5,25002,150000000,
ICO380,DA504,PRO594,PLAT2,CAT1,TR0,,,,1000000000,
ICO381,DA511,PRO601,PLAT2,CAT1,TR0,250000,0.3,250000,100000000,
ICO382,DA511,PRO602,PLAT1,CAT2,TR0,150000,0.34,150000,700000000,
ICO383,DA511,PRO606,PLAT2,CAT9,TR0,150000,0,146225,10000000000,
ICO384,DA525,PRO618,PLAT2,CAT1,TR0,260000,0.08,262500,500000000,
ICO385,DA530,PRO623,PLAT2,CAT1,TR0,6780000,0.05,490000,1000000000,
ICO386,DA536,PRO630,PLAT2,CAT1,TR0,3070000,0.4,,150000000,
ICO387,DA538,PRO632,PLAT2,CAT1,TR0,3430000,0.01,,5000000000,
ICO388,DA539,PRO633,PLAT2,CAT1,TR0,2800000,0.01,200000,10000000000,
ICO389,DA541,PRO635,PLAT2,CAT1,TR0,3450000,0.03,625000,1000000000,
ICO390,DA543,PRO637,PLAT2,CAT1,TR0,1760000,0.1,413600,188000000,
ICO391,DA565,PRO659,PLAT2,CAT1,TR0,25000000,1.5,15000000,200000000,
ICO392,DA566,PRO660,PLAT2,CAT1,TR0,46000000,0.36,500000,1000000000,60
ICO393,DA570,PRO664,PLAT2,CAT1,TR0,50000000,,,1000000000,
ICO394,DA579,PRO673,PLAT2,CAT1,TR0,2800000,0.25,550000,200000000,
ICO395,DA581,PRO675,PLAT2,CAT1,TR0,760000,0.01,750000,500000000,15
ICO396,DA584,PRO678,PLAT2,CAT1,TR0,1780000,0.01,600000,2000000000,16
ICO397,DA587,PRO682,PLAT2,CAT1,TR0,,,,1000000000,
ICO398,DA590,PRO685,PLAT2,CAT1,TR0,4330000,0.05,240000,1000000000,11
ICO399,DA593,PRO688,PLAT2,CAT1,TR0,150000,0.02,150000,15000000000,
ICO400,DA595,PRO691,PLAT2,CAT1,TR0,1550000,0.03,600000,500000000,20
ICO401,DA597,PRO693,PLAT2,CAT1,TR0,20000000,,,,
ICO402,DA598,PRO694,PLAT2,CAT1,TR0,2250000,0.02,2250000,1000000000,15
ICO403,DA600,PRO696,PLAT2,CAT1,TR0,5600000,0.01,500000,5000000000,
ICO404,DA606,PRO702,PLAT2,CAT1,TR0,10500000,0.03,1500000,10000000000,36.1
ICO405,DA610,PRO706,PLAT2,CAT1,TR0,300000,0.15,340000,100000000,9
ICO406,DA613,PRO709,PLAT2,CAT1,TR0,420000,0.09,4050000,1000000000,7.5
ICO407,DA629,PRO726,PLAT2,CAT1,TR0,,0.06,100000,1000000000,6
ICO408,DA630,PRO727,PLAT2,CAT1,TR0,15000000,,2000000,,
ICO409,DA638,PRO735,PLAT2,CAT1,TR0,500000,1,500000,10000000,
ICO410,DA654,PRO752,PLAT2,CAT1,TR0,350000000,,,,
ICO411,DA659,PRO757,PLAT2,CAT1,TR0,12550000,0.12,5400000,1000000000,
ICO412,DA662,PRO760,PLAT2,CAT1,TR0,1000000,0.02,770000,1000000000,12
ICO413,DA663,PRO761,PLAT2,CAT1,TR0,2140000,,300000,120000000,34
ICO414,DA674,PRO772,PLAT2,CAT1,TR0,35000000,0.8,,10000000000,
ICO415,DA676,PRO774,PLAT2,CAT1,TR0,3080000,0.08,330000,300000000,22.3
ICO416,DA696,PRO795,PLAT2,CAT1,TR0,6440000,0.02,459000,2000000000,40
ICO417,DA699,PRO798,PLAT2,CAT1,TR0,540000,0.04,390000,1000000000,20
ICO418,DA704,PRO803,PLAT2,CAT1,TR0,,0.05,3240000,1000000000,34.5
ICO419,DA708,PRO807,PLAT2,CAT1,TR0,32900000,,,,
ICO420,DA714,PRO813,PLAT2,CAT1,TR0,25000000,,,9914701267,
ICO421,DA715,PRO814,PLAT2,CAT1,TR0,1620000,0.15,825000,100000000,13
ICO422,DA720,PRO819,PLAT2,CAT1,TR0,2500000,0.3,4500000,60000000,6
ICO423,DA724,PRO823,PLAT2,CAT1,TR0,123700000,,,10000000000,
ICO424,DA725,PRO824,PLAT2,CAT1,TR0,540000,0.05,315000,100000000,19
ICO425,DA738,PRO837,PLAT2,CAT1,TR0,,3,105000,140000000,
ICO426,DA767,PRO866,PLAT2,CAT1,TR0,7200000,0.5,890000,100000000,0.25
ICO427,DA783,PRO882,PLAT2,CAT1,TR0,19090000,,,1000000000,56
ICO428,DA794,PRO893,PLAT2,CAT1,TR0,8580000,0.25,,100000000,40
ICO429,DA799,PRO898,PLAT2,CAT1,TR0,8560000,0.03,,1000000000,30
ICO430,DA799,PRO908,PLAT2,CAT17,TR0,11580000,,,10000000000,12.5
ICO431,DA801,PRO900,PLAT2,CAT1,TR0,40000000,,,10000000000,50
ICO432,DA803,PRO902,PLAT2,CAT1,TR0,9160000,,,1000000000,30
ICO433,DA803,PRO904,PLAT2,CAT3,TR0,320000000,,,500000000,7
ICO434,DA811,PRO912,PLAT2,CAT1,TR0,12000000,0.45,,100000000,30
ICO435,DA824,PRO925,PLAT2,CAT1,TR0,12130000,,,1000000000,48.25
ICO436,DA826,PRO927,PLAT2,CAT1,TR0,18000000,0.08,,1000000000,50
ICO437,DA827,PRO928,PLAT2,CAT1,TR0,7010000,,,300000000,33.33
ICO438,DA831,PRO932,PLAT2,CAT1,TR0,2310000,,,6700000000,45
ICO439,DA833,PRO934,PLAT2,CAT1,TR0,3780000,,,330000000,36
ICO440,DA840,PRO942,PLAT2,CAT1,TR0,11250000,0.1,,500000000,60
ICO441,DA844,PRO946,PLAT2,CAT1,TR0,13540000,0.14,,150000000,67
ICO442,DA845,PRO947,PLAT2,CAT1,TR0,30000000,1,,100000000,40
ICO443,DA847,PRO949,PLAT2,CAT1,TR0,28690000,,,10000000000,30
ICO444,DA849,PRO951,PLAT2,CAT1,TR0,13690000,,,1000000000,50
ICO445,DA850,PRO952,PLAT2,CAT1,TR0,11000000,,,45467000,68.19
ICO446,DA851,PRO953,PLAT2,CAT1,TR0,21770000,,,2000000000,40
ICO447,DA853,PRO955,PLAT2,CAT1,TR0,50000000,2,,195000000,40
ICO448,DA854,PRO956,PLAT2,CAT1,TR0,128000000,0.1,,,
ICO449,DA856,PRO958,PLAT2,CAT1,TR0,12000000,,,,
ICO450,DA858,PRO960,PLAT2,CAT1,TR0,17500000,,,1000000000,40
ICO451,DA860,PRO962,PLAT2,CAT1,TR0,23650000,,,8000000000,39
ICO452,DA862,PRO965,PLAT2,CAT1,TR0,24000000,0.06,,1000000000,40
ICO453,DA864,PRO968,PLAT2,CAT1,TR0,26670000,,,2100000000,35
ICO454,DA867,PRO972,PLAT2,CAT1,TR0,7500000,0.46,,100000000,55
ICO455,DA869,PRO974,PLAT2,CAT1,TR0,4050000,,,30000000000,29
ICO456,DA870,PRO975,PLAT2,CAT1,TR0,35000000,0.02,,6000000000,40
ICO457,DA874,PRO979,PLAT2,CAT1,TR0,39650000,,,3175000000,40
ICO458,DA874,PRO982,PLAT2,CAT1,TR0,15000000,,,1000000000,35
ICO459,DA878,PRO984,PLAT2,CAT1,TR0,9730000,,,,40
ICO460,DA880,PRO986,PLAT2,CAT1,TR0,21720000,1,,141000000,76
ICO461,DA881,PRO987,PLAT2,CAT1,TR0,28510000,,,1771428571,40
ICO462,DA881,PRO989,PLAT2,CAT1,TR0,46790000,,,100000000,50
ICO463,DA882,PRO988,PLAT2,CAT1,TR0,25000000,,,1000000000,50
ICO464,DA883,PRO990,PLAT2,CAT1,TR0,20000000,,,10000000000,20
ICO465,DA891,PRO998,PLAT2,CAT1,TR0,38000000,0.02,,6670000000,60
ICO466,DA894,PRO1001,PLAT2,CAT1,TR0,30000000,,,435000000,67
ICO467,DA897,PRO1004,PLAT2,CAT1,TR0,10000000,,,10000000000,20
ICO468,DA898,PRO1005,PLAT2,CAT1,TR0,23610000,,,100000000,65
ICO469,DA899,PRO1006,PLAT2,CAT1,TR0,,,,,
ICO470,DA900,PRO1007,PLAT2,CAT1,TR0,13530000,,,30000000000,20
ICO471,DA901,PRO1008,PLAT2,CAT1,TR0,16550000,0.08,,1000000000,30
ICO472,DA902,PRO1009,PLAT2,CAT1,TR0,29860000,0.12,,,
ICO473,DA905,PRO1012,PLAT2,CAT1,TR0,12000000,0.06,,1000000000,40
ICO474,DA908,PRO1015,PLAT2,CAT1,TR0,100000000,0.12,,,
ICO475,DA910,PRO1017,PLAT2,CAT1,TR0,36700000,2.3,3670000,1E+11,16.1
ICO476,DA913,PRO1020,PLAT2,CAT1,TR0,1620000,0.07,2800000,2000000000,2
ICO477,DA916,PRO1023,PLAT2,CAT1,TR0,35970000,,,9200000000,
ICO478,DA925,PRO1032,PLAT2,CAT1,TR0,8080000,0.06,,500000000,50
ICO479,DA928,PRO1035,PLAT2,CAT1,TR0,20700000,0.2,,1000000000,20
ICO480,DA938,PRO1045,PLAT2,CAT1,TR0,4080000,,5920000,403395277,42
ICO481,DA940,PRO1047,PLAT2,CAT1,TR0,900000,0.01,,6000000000,50
ICO482,DA942,PRO1049,PLAT2,CAT1,TR0,16000000,0.1,,2100000000,20
ICO483,DA943,PRO1050,PLAT2,CAT1,TR0,7500000,0,,56200000000,35
ICO484,DA944,PRO1051,PLAT2,CAT1,TR0,5470000,,2900000,1200000000,30
ICO485,DA945,PRO1052,PLAT2,CAT1,TR0,16000000,0.02,,5000000000,50
ICO486,DA947,PRO1054,PLAT2,CAT1,TR0,11110000,,,3500000000,35
ICO487,DA949,PRO1056,PLAT2,CAT1,TR0,53000000,0.02,,10000000000,30
ICO488,DA952,PRO1059,PLAT2,CAT1,TR0,1680000,0.01,,,15
ICO489,DA953,PRO1060,PLAT2,CAT1,TR0,15000000,0,4000000,20000000000,22
ICO490,DA954,PRO1061,PLAT2,CAT1,TR0,4900000,0.1,,145000000,39
ICO491,DA959,PRO1066,PLAT2,CAT1,TR0,34000000,0.01,,10000000000,32
ICO492,DA961,PRO1068,PLAT2,CAT1,TR0,350000,0.01,,1000000000,20
ICO493,DA961,PRO1071,PLAT4,CAT1,TR0,18600000,0.01,3600000,10000000000,25
ICO494,DA963,PRO1070,PLAT2,CAT1,TR0,400000,0.05,,1000000000,8
ICO495,DA964,PRO1072,PLAT2,CAT1,TR0,35300000,0,4266800,1500000000,15
ICO496,DA969,PRO1078,PLAT2,CAT1,TR0,6000000,0.02,,12000000000,33
ICO497,DA970,PRO1079,PLAT2,CAT1,TR0,5650000,0.05,,1000000000,13
ICO498,DA973,PRO1082,PLAT2,CAT1,TR0,7600000,0.06,,875000000,35
ICO499,DA973,PRO1089,PLAT2,CAT1,TR0,1000000,0.01,,5000000000,35
ICO500,DA973,PRO1084,PLAT4,CAT1,TR0,24600000,0.01,,10000000000,20
ICO501,DA974,PRO1083,PLAT2,CAT1,TR0,22800000,0.01,,10000000000,37.2
ICO502,DA974,PRO1086,PLAT4,CAT1,TR0,3500000,0.15,,,
ICO503,DA974,PRO1088,PLAT2,CAT19,TR0,8000000,0.02,,2000000000,30
ICO504,DA976,PRO1090,PLAT2,CAT1,TR0,30650000,0.12,,1410000000,
ICO505,DA977,PRO1091,PLAT2,CAT1,TR0,5600000,0,,10000000000,32.3
ICO506,DA978,PRO1092,PLAT2,CAT1,TR0,230000,,,,
ICO507,DA979,PRO1093,PLAT2,CAT1,TR0,4080000,0,,30000000000,11
ICO508,DA981,PRO1095,PLAT2,CAT1,TR0,3740000,0,,9000000000,30
ICO509,DA983,PRO1097,PLAT2,CAT1,TR0,610000,,,160000000,18
ICO510,DA985,PRO1099,PLAT2,CAT1,TR0,5600000,0,,10000000000,14.24
ICO511,DA986,PRO1100,PLAT2,CAT1,TR0,1600000,0.1,,1000000000,
ICO512,DA987,PRO1101,PLAT2,CAT1,TR0,10650000,,,7.5E+11,20
ICO513,DA990,PRO1104,PLAT2,CAT1,TR0,9820000,0,,14900000000,22
ICO514,DA993,PRO1107,PLAT2,CAT1,TR0,30000,0,,10000000000,3
ICO515,DA995,PRO1109,PLAT2,CAT1,TR0,2410000,,,2000000000,30.59
ICO516,DA997,PRO1111,PLAT2,CAT1,TR0,3010000,0.01,,2600000000,19.5
ICO517,DA998,PRO1112,PLAT2,CAT1,TR0,8010000,0.01,,2000000000,35
ICO518,DA1000,PRO1114,PLAT2,CAT1,TR0,13000000,0.05,,1000000000,
ICO519,DA1001,PRO1115,PLAT2,CAT1,TR0,7200000,,,10000000000,20
ICO520,DA1001,PRO1119,PLAT2,CAT1,TR0,12500000,0.1,,500000000,25.6
ICO521,DA1005,PRO1121,PLAT2,CAT1,TR0,250000,,,210000000,0.91
ICO522,DA1007,PRO1123,PLAT2,CAT1,TR0,1840000,0.3,,100000000,13.8
ICO523,DA1008,PRO1124,PLAT2,CAT1,TR0,13000000,0.02,,2473750000,40
ICO524,DA1010,PRO1126,PLAT2,CAT1,TR0,9000000,0.12,,187500000,40
ICO525,DA1011,PRO1127,PLAT2,CAT1,TR0,18978,,,1000000000,52
ICO526,DA1013,PRO1129,PLAT2,CAT1,TR0,1380000,0.01,,1000000000,10
ICO527,DA1016,PRO1132,PLAT2,CAT1,TR0,6600000,0.03,,1000000000,
ICO528,DA1017,PRO1133,PLAT2,CAT1,TR0,5000000,0.15,5000000,300000000,55
ICO529,DA1018,PRO1134,PLAT2,CAT1,TR0,1700000000,4,,5000000000,44
ICO530,DA1019,PRO1135,PLAT2,CAT1,TR0,1200000,0,,10000000000,12
ICO531,DA1021,PRO1137,PLAT2,CAT1,TR0,5000000,0.05,,1000000000,10
ICO532,DA1021,PRO1138,PLAT2,CAT3,TR0,2400000,0.01,,4000000000,8
ICO533,DA1022,PRO1139,PLAT2,CAT1,TR0,150000,0.01,,1000000000,3
ICO534,DA1025,PRO1142,PLAT2,CAT1,TR0,11590000,0.02,,2100000000,20
ICO535,DA1025,PRO1144,PLAT2,CAT1,TR0,3500000,,,3000000000,23
ICO536,DA1029,PRO1147,PLAT2,CAT1,TR0,1120000,0.02,300000,312500000,40
ICO537,DA1031,PRO1149,PLAT2,CAT1,TR0,2000000,0.01,,,
ICO538,DA1032,PRO1150,PLAT2,CAT1,TR0,2000000,0.09,,500000000,
ICO539,DA1033,PRO1151,PLAT2,CAT1,TR0,2520000,0,,21000000000,7
ICO540,DA1044,PRO1163,PLAT2,CAT1,TR0,2150000,0,2152500,10000000000,21.64
ICO541,DA1045,PRO1164,PLAT2,CAT1,TR0,72000000,0.01,67200000,33600000000,34
ICO542,DA1047,PRO1166,PLAT2,CAT1,TR0,263000000,,,1000000000,50
ICO543,DA1053,PRO1172,PLAT2,CAT1,TR0,3050000,0,,,
ICO544,DA1057,PRO1176,PLAT2,CAT1,TR0,3760000,,1318273,1000000000,16
ICO545,DA1058,PRO1177,PLAT2,CAT1,TR0,4280000,0,1080000,5000000000,15
ICO546,DA1058,PRO1183,PLAT2,CAT1,TR0,20000000,0,2000000,30000000000,14.66
ICO547,DA1059,PRO1178,PLAT2,CAT1,TR0,17700000,0.36,15000000,1000000000,4.3
ICO548,DA1061,PRO1180,PLAT2,CAT1,TR0,220000,0.55,220000,8537500,4.6
ICO549,DA1065,PRO1185,PLAT2,CAT1,TR0,25660000,0.22,5375000,500000000,
ICO550,DA1066,PRO1186,PLAT2,CAT1,TR0,600000,0.05,800000,600000000,21
ICO551,DA1068,PRO1188,PLAT2,CAT1,TR0,,0.13,,,
ICO552,DA1072,PRO1192,PLAT2,CAT1,TR0,2000000,0.01,2000000,5000000000,6.6
ICO553,DA1074,PRO1194,PLAT2,CAT1,TR0,50000,0.08,50000,500000000,
ICO554,DA1085,PRO1205,PLAT2,CAT1,TR0,2620000,0.25,2620000,50000000,60
ICO555,DA1101,PRO1222,PLAT2,CAT1,TR0,,,,,
ICO556,DA1118,PRO1239,PLAT2,CAT1,TR0,125640000,0.13,,,
ICO557,DA1132,PRO1254,PLAT2,CAT1,TR0,600000,0.06,600000,300000000,
ICO558,DA1135,PRO1258,PLAT2,CAT1,TR0,12840000,0.04,28080000,4200000000,16.4
ICO559,DA1142,PRO1265,PLAT2,CAT1,TR0,190000,,,10000,5
ICO560,DA1149,PRO1272,PLAT2,CAT1,TR0,23000000,0.3,,,
ICO561,DA1154,PRO1278,PLAT2,CAT1,TR0,2590000,0.32,2000000,100000000,25
ICO562,DA1164,PRO1289,PLAT2,CAT1,TR0,15850000,0.02,,1000000000,51.25
ICO563,DA1167,PRO1292,PLAT2,CAT1,TR0,,2.25,9000000,100000000,4
ICO564,DA1169,PRO1295,PLAT2,CAT1,TR0,7800000,0.1,300000,312000000,25
ICO565,DA1183,PRO1309,PLAT2,CAT1,TR0,17870000,0.4,8000000,100000000,
ICO566,DA1185,PRO1312,PLAT2,CAT1,TR0,1900000,,,1000000000,19
ICO567,DA1193,PRO1320,PLAT2,CAT1,TR0,,,,100000000,
ICO568,DA1202,PRO1329,PLAT2,CAT1,TR0,1800000,1,,10000000,35
ICO569,DA1205,PRO1333,PLAT2,CAT1,TR0,20000000,0.1,20000000,10000000000,2
ICO570,DA1215,PRO1343,PLAT2,CAT1,TR0,3780000,0.03,275000,,28
ICO571,DA1216,PRO1344,PLAT2,CAT1,TR0,180000,8,100000,,
ICO572,DA1220,PRO1348,PLAT2,CAT1,TR0,4197956135,,,1000000000,90
ICO573,DA246,PRO294,PLAT2,CAT1,TR1,300000,0.08,300000,200000000,
ICO574,DA320,PRO381,PLAT2,CAT1,TR1,8000000,0.5,750000,200000000,
ICO575,DA368,PRO435,PLAT2,CAT1,TR1,,,,100000000,
ICO576,DA401,PRO479,PLAT2,CAT1,TR1,5550000,0.11,550000,200000000,
ICO577,DA415,PRO497,PLAT2,CAT1,TR1,200000,0.8,200000,100000000,
ICO578,DA415,PRO496,PLAT2,CAT4,TR1,1620000,0,525000,7000000000,
ICO579,DA648,PRO746,PLAT2,CAT1,TR1,5300000,0.08,800000,1000000000,11
ICO580,DA656,PRO754,PLAT2,CAT1,TR1,,,,1000000000,
ICO581,DA780,PRO879,PLAT2,CAT1,TR1,45000000,0.1,5000000,1000000000,5
ICO582,DA6,PRO6,PLAT3,CAT1,TR0,3090000,0.08,300000,300000000,30
ICO583,DA81,PRO102,PLAT3,CAT1,TR0,500000,0.13,,1000000000,5
ICO584,DA355,PRO419,PLAT3,CAT1,TR0,2900000,0.25,50000,100000000,
ICO585,DA497,PRO587,PLAT3,CAT1,TR0,9200000,0.01,4200000,6000000000,7
ICO586,DA500,PRO590,PLAT3,CAT1,TR0,1450000,0.18,200000,50000000,
ICO587,DA649,PRO747,PLAT3,CAT1,TR0,830000,0.04,500000,1000000000,2
ICO588,DA665,PRO763,PLAT3,CAT1,TR0,220000,0.3,250500,50000000,14.7
ICO589,DA668,PRO766,PLAT3,CAT1,TR0,12020000,0.95,150000,100000000,21
ICO590,DA419,PRO501,PLAT3,CAT1,TR1,3750000,,,210000000,10
ICO591,DA7,PRO7,PLAT4,CAT1,TR0,3000000,0.01,150000,3000000000,20
ICO592,DA31,PRO36,PLAT4,CAT1,TR0,62900000,0.03,3000000,10000000000,39.7
ICO593,DA31,PRO38,PLAT2,CAT2,TR0,1200000,,,100000000,
ICO594,DA300,PRO357,PLAT4,CAT1,TR0,11000000,0.6,1000000,,
ICO595,DA300,PRO355,PLAT2,CAT4,TR0,300000,0.1,300000,500000000,
ICO596,DA428,PRO511,PLAT4,CAT1,TR0,46000000,0.5,20000000,1000000000,
ICO597,DA434,PRO518,PLAT4,CAT1,TR0,90250000,0.8,56000000,,
ICO598,DA471,PRO559,PLAT4,CAT1,TR0,1850000,,,2000000000,
ICO599,DA531,PRO624,PLAT4,CAT1,TR0,3100000,,,2000000000,
ICO600,DA673,PRO771,PLAT4,CAT1,TR0,3570000,0.17,9050000,400000000,15
ICO601,DA685,PRO784,PLAT4,CAT1,TR0,10070000,1.16,,100000000,32.7
ICO602,DA686,PRO785,PLAT4,CAT1,TR0,21000000,0.04,1030000,10000000000,
ICO603,DA728,PRO827,PLAT4,CAT1,TR0,2250000,0,2250000,10000000000,
ICO604,DA742,PRO841,PLAT4,CAT1,TR0,2620000,0.01,520000,3000000000,16.34
ICO605,DA776,PRO875,PLAT4,CAT1,TR0,2400000,0.02,1560000,1200000000,10
ICO606,DA848,PRO950,PLAT4,CAT1,TR0,22930000,0.09,,10000000000,10
ICO607,DA919,PRO1026,PLAT4,CAT1,TR0,30000000,0.28,,500000000,30
ICO608,DA935,PRO1042,PLAT4,CAT1,TR0,,,,,
ICO609,DA937,PRO1044,PLAT4,CAT1,TR0,,0.6,,,
ICO610,DA955,PRO1062,PLAT4,CAT1,TR0,560000,0.03,,5217805440,36.29
ICO611,DA956,PRO1063,PLAT4,CAT1,TR0,7000000,,7000000,2100000000,3.3
ICO612,DA1020,PRO1136,PLAT4,CAT1,TR0,,,,1000000000,20
ICO613,DA1042,PRO1161,PLAT4,CAT1,TR0,,0,,5000000000,90
ICO614,DA1096,PRO1217,PLAT4,CAT1,TR0,33630000,0.4,12500000,1000000000,
ICO615,DA1122,PRO1244,PLAT4,CAT1,TR0,19500000,0.1,,1250000000,
ICO616,DA1144,PRO1267,PLAT4,CAT1,TR0,45000000,0.08,,10000000000,
ICO617,DA1147,PRO1270,PLAT4,CAT1,TR0,1340000,0.39,300000,300000000,
ICO618,DA1232,PRO1361,PLAT4,CAT1,TR0,2160000,0.1,100000,300000000,1
ICO619,DA243,PRO291,PLAT7,CAT1,TR0,1500000,0.4,2700000,500000000,2
ICO620,DA244,PRO292,PLAT8,CAT1,TR0,50000,0.1,,100000000,
ICO621,DA596,PRO692,PLAT8,CAT1,TR0,250000,0.05,250000,500000000,26
ICO622,DA611,PRO707,PLAT8,CAT1,TR0,200000,0.82,200000,50000000000,
ICO623,DA658,PRO756,PLAT8,CAT1,TR0,2100000,0.04,1225000,1000000000,13.5
ICO624,DA734,PRO833,PLAT8,CAT1,TR0,750000,0.04,700000,1000000000,22
ICO625,DA445,PRO530,PLAT10,CAT1,TR0,6330000,0.8,200000,100000000,0.75
ICO626,DA507,PRO597,PLAT11,CAT1,TR0,4160000,0.1,200000,100000000,
ICO627,DA664,PRO762,PLAT13,CAT1,TR0,100000,0.03,,1000000000,21
ICO628,DA1138,PRO1261,PLAT13,CAT1,TR0,2830000,0.04,250000,1000000000,
ICO629,DA1223,PRO1352,PLAT14,CAT1,TR0,3730000,0.45,1245000,100000000,22
ICO630,DA778,PRO877,PLAT15,CAT1,TR0,27000000,0.2,6000000,1000000000,19.5
ICO631,DA778,PRO1353,PLAT15,CAT1,TR0,27000000,0.2,6000000,1000000000,19.5
ICO632,DA830,PRO931,PLAT16,CAT1,TR0,12600000,,,1000000000,10
ICO633,DA863,PRO967,PLAT16,CAT1,TR0,9650000,0.23,,100000000,65
ICO634,DA909,PRO1016,PLAT16,CAT1,TR0,6200000,,,808257693,50
ICO635,DA931,PRO1038,PLAT16,CAT1,TR0,9190000,0.1,10000000,375000000,44.6
ICO636,DA859,PRO961,PLAT17,CAT1,TR0,22700000,1,,32100000000,50
ICO637,DA929,PRO1036,PLAT20,CAT1,TR0,7440000,0.2,6000000,415000000,50
ICO638,DA1063,PRO1182,PLAT20,CAT1,TR0,,0.04,,,
ICO639,DA957,PRO1064,PLAT21,CAT1,TR0,2310000,,,,
ICO640,DA962,PRO1069,PLAT21,CAT1,TR0,500000,0,500000,1E+11,5
ICO641,DA968,PRO1076,PLAT22,CAT1,TR0,160000,,,1E+11,3
ICO642,DA968,PRO1077,PLAT2,CAT21,TR0,27200000,1,,200000000,20
ICO643,DA994,PRO1108,PLAT24,CAT1,TR0,23000000,0,,12600000000,20
ICO644,DA1015,PRO1131,PLAT25,CAT1,TR0,7000000,0.01,,10000000000,9
ICO645,DA154,PRO191,PLAT0,CAT3,TR0,600000,10.6,,80000000,
ICO646,DA10,PRO10,PLAT1,CAT3,TR0,2500000,1,1500000,20000000,14.5
ICO647,DA666,PRO764,PLAT1,CAT3,TR0,2200000,0.16,1440000,100000000,17.5
ICO648,DA679,PRO777,PLAT1,CAT3,TR0,38110000,1.1,110000,10000000,19
ICO649,DA745,PRO844,PLAT1,CAT3,TR0,3500000,0.8,175000,150000000,10
ICO650,DA771,PRO870,PLAT1,CAT3,TR0,,0.04,250000,1000000000,
ICO651,DA1027,PRO1145,PLAT1,CAT3,TR0,16000000,0,,9.99E+11,20
ICO652,DA1054,PRO1173,PLAT1,CAT3,TR0,3000000,0.46,3000000,100000000,6.52
ICO653,DA1095,PRO1216,PLAT1,CAT3,TR0,18000000,0.01,10000000,,75
ICO654,DA1134,PRO1256,PLAT1,CAT3,TR0,,,,30000000,
ICO655,DA1136,PRO1259,PLAT1,CAT3,TR0,2000000,0.02,2000000,1000000000,
ICO656,DA42,PRO51,PLAT1,CAT3,TR1,1720000,0.11,220000,100000000,
ICO657,DA42,PRO52,PLAT2,CAT7,TR0,2250000,0.09,,100000000,37
ICO658,DA14,PRO14,PLAT2,CAT3,TR0,100000,0.1,100000,155000000,
ICO659,DA19,PRO20,PLAT2,CAT3,TR0,2390000,0.03,,20000000000,
ICO660,DA28,PRO31,PLAT2,CAT3,TR0,1681160000,,,1000000000,25
ICO661,DA44,PRO54,PLAT2,CAT3,TR0,4980000,3,210000,10000000,25
ICO662,DA44,PRO58,PLAT2,CAT2,TR0,1350000,0.01,534465,900000000,40
ICO663,DA61,PRO80,PLAT2,CAT3,TR0,5400000,0.19,,,
ICO664,DA61,PRO75,PLAT2,CAT9,TR0,1000000,,,10000000,
ICO665,DA72,PRO96,PLAT2,CAT3,TR0,2000000,0.15,,100000000,
ICO666,DA72,PRO101,PLAT2,CAT2,TR0,2000000,0.1,200000,100000000,33.5
ICO667,DA72,PRO89,PLAT2,CAT4,TR0,1800000,0.4,200000,50000000,10
ICO668,DA72,PRO100,PLAT2,CAT6,TR0,4750000,1,14000000,400000000,26.5
ICO669,DA93,PRO120,PLAT2,CAT3,TR0,28100000,0.55,3506250,425000000,9.5
ICO670,DA93,PRO127,PLAT2,CAT2,TR0,1600000,0.01,,1000000000,16
ICO671,DA105,PRO135,PLAT2,CAT3,TR0,2650000,3,150000,2000000,
ICO672,DA112,PRO150,PLAT2,CAT3,TR0,3300000,0.03,200000,1000000000,20
ICO673,DA112,PRO142,PLAT1,CAT8,TR0,1910000,0.09,305000,100000000,24.5
ICO674,DA134,PRO168,PLAT2,CAT3,TR0,680000,0,679999,1E+12,
ICO675,DA155,PRO192,PLAT2,CAT3,TR0,240000,0.01,900000,500000000,50
ICO676,DA165,PRO203,PLAT2,CAT3,TR0,42000000,8,24000000,,
ICO677,DA169,PRO207,PLAT2,CAT3,TR0,290000,1,,500000000,25
ICO678,DA187,PRO225,PLAT2,CAT3,TR0,2550000,0.14,150000,100000000,18
ICO679,DA187,PRO226,PLAT2,CAT2,TR0,2500000,0.02,,100000000,29.5
ICO680,DA187,PRO227,PLAT2,CAT4,TR0,1610000,0.01,,1000000000,23.5
ICO681,DA190,PRO230,PLAT2,CAT3,TR0,1850000,0.04,340000,1000000000,
ICO682,DA208,PRO252,PLAT2,CAT3,TR0,1400000,0.03,,250000000,26.81
ICO683,DA282,PRO335,PLAT2,CAT3,TR0,1920000,0.08,600000,100000000,25
ICO684,DA432,PRO515,PLAT2,CAT3,TR0,36000000,,,,
ICO685,DA462,PRO549,PLAT2,CAT3,TR0,180000,0.03,180000,1000000000,
ICO686,DA499,PRO589,PLAT2,CAT3,TR0,1080000,0,,10000000000,
ICO687,DA517,PRO609,PLAT2,CAT3,TR0,150000000,0.55,31450000,1000000000,25
ICO688,DA517,PRO613,PLAT2,CAT3,TR0,1330000,0.2,500000,1000000000,
ICO689,DA568,PRO662,PLAT2,CAT3,TR0,34000000,0.06,22000000,10000000000,
ICO690,DA642,PRO740,PLAT2,CAT3,TR0,1840000,0.04,1840000,1000000000,10
ICO691,DA698,PRO797,PLAT2,CAT3,TR0,53500000,,,1000000000,30
ICO692,DA723,PRO822,PLAT2,CAT3,TR0,5200000,0.25,100000,400000000,33.77
ICO693,DA782,PRO881,PLAT2,CAT3,TR0,50000000,0.67,,100000000,60
ICO694,DA786,PRO885,PLAT2,CAT3,TR0,17200000,,,400000000,60
ICO695,DA790,PRO889,PLAT2,CAT3,TR0,24710000,,,100000000,85
ICO696,DA793,PRO892,PLAT2,CAT3,TR0,150950000,,,25000000000,30
ICO697,DA796,PRO895,PLAT2,CAT3,TR0,20480000,,,1000000000,50
ICO698,DA798,PRO897,PLAT2,CAT3,TR0,5550000,,,60000000,83
ICO699,DA813,PRO914,PLAT2,CAT3,TR0,9030000,0.68,,150000000,15
ICO700,DA817,PRO918,PLAT2,CAT3,TR0,50000000,0.3,,650000000,50
ICO701,DA822,PRO923,PLAT2,CAT3,TR0,52500000,0.1,,750000000,70
ICO702,DA828,PRO929,PLAT2,CAT3,TR0,3870000,,,,51
ICO703,DA834,PRO935,PLAT2,CAT3,TR0,10000000,0.02,,1000000000,55
ICO704,DA835,PRO936,PLAT2,CAT3,TR0,9880000,0.5,,100000000,52
ICO705,DA838,PRO940,PLAT2,CAT3,TR0,26400000,,,1000000000,40
ICO706,DA841,PRO943,PLAT2,CAT3,TR0,11300000,,,1300000000,80
ICO707,DA846,PRO948,PLAT2,CAT3,TR0,27500000,0.1,,1000000000,50
ICO708,DA861,PRO969,PLAT2,CAT3,TR0,20000000,0.1,,297000000,65
ICO709,DA861,PRO966,PLAT2,CAT11,TR0,22920000,,,1800000000,40
ICO710,DA861,PRO964,PLAT2,CAT10,TR0,7060000,,,1600000000,25
ICO711,DA861,PRO963,PLAT2,CAT16,TR0,27700000,,,500000000,60
ICO712,DA868,PRO973,PLAT2,CAT3,TR0,49000000,,,10000000000,22
ICO713,DA875,PRO980,PLAT2,CAT3,TR0,36170000,0.01,,22490000000,37.35
ICO714,DA879,PRO985,PLAT2,CAT3,TR0,12110000,,,10000000,80
ICO715,DA933,PRO1040,PLAT2,CAT3,TR0,15000000,,,2100000000,45
ICO716,DA950,PRO1057,PLAT2,CAT3,TR0,10000000,0.8,10000000,,20
ICO717,DA980,PRO1094,PLAT2,CAT3,TR0,5100000,0.15,,100000000,22
ICO718,DA984,PRO1098,PLAT2,CAT3,TR0,50500000,0.02,,,25
ICO719,DA992,PRO1106,PLAT2,CAT3,TR0,9960000,0,,1E+11,16.39
ICO720,DA1023,PRO1140,PLAT2,CAT3,TR0,170000,,,750000000,17
ICO721,DA1043,PRO1162,PLAT2,CAT3,TR0,8190000,0.01,3800000,405002002,85
ICO722,DA1055,PRO1174,PLAT2,CAT3,TR0,2000000,0.01,2000000,5000000000,8
ICO723,DA1064,PRO1184,PLAT2,CAT3,TR0,6500000,1,,,
ICO724,DA1071,PRO1191,PLAT2,CAT3,TR0,2000000,0.75,,250000000,30
ICO725,DA1076,PRO1196,PLAT2,CAT3,TR0,,34,,10000000,
ICO726,DA1078,PRO1198,PLAT2,CAT3,TR0,4720000,1.81,,,
ICO727,DA1089,PRO1209,PLAT2,CAT3,TR0,340000,,340000,,
ICO728,DA1089,PRO1211,PLAT2,CAT4,TR0,3000000,0.01,3000000,3000000000,12
ICO729,DA1091,PRO1212,PLAT2,CAT3,TR0,30000000,0.5,,200000000,
ICO730,DA1092,PRO1213,PLAT2,CAT3,TR0,4800000,2.5,4800000,24000000,8
ICO731,DA1093,PRO1214,PLAT2,CAT3,TR0,230000,0.25,,100000000,5
ICO732,DA1094,PRO1215,PLAT2,CAT3,TR0,150000,0.5,,,
ICO733,DA1100,PRO1221,PLAT2,CAT3,TR0,4700000,0.02,4700000,,
ICO734,DA1102,PRO1223,PLAT2,CAT3,TR0,1200000,,,1000000000,
ICO735,DA1107,PRO1228,PLAT2,CAT3,TR0,7370000,13,5500000,10000000,4.23
ICO736,DA1108,PRO1229,PLAT2,CAT3,TR0,600000,0.08,150000,,
ICO737,DA1112,PRO1233,PLAT2,CAT3,TR0,6450000,1.29,6450000,100000000,5
ICO738,DA1117,PRO1238,PLAT2,CAT3,TR0,1080000,0.6,96000,42000000,1
ICO739,DA1115,PRO1240,PLAT2,CAT3,TR0,3900000,0,700000,20000000000,21.08
ICO740,DA1115,PRO1236,PLAT1,CAT2,TR0,4000000,,,63000000,
ICO741,DA1120,PRO1242,PLAT2,CAT3,TR0,5000000,0.01,500000,6000000000,
ICO742,DA1121,PRO1243,PLAT2,CAT3,TR0,,0.75,,100000000,
ICO743,DA1124,PRO1246,PLAT2,CAT3,TR0,80000,0.01,80000,1000000000,
ICO744,DA1128,PRO1250,PLAT2,CAT3,TR0,150000,0.1,150000,150000000,
ICO745,DA1130,PRO1252,PLAT2,CAT3,TR0,9490000,0.2,,,
ICO746,DA1137,PRO1260,PLAT2,CAT3,TR0,2120000,0.4,673000,,
ICO747,DA1139,PRO1262,PLAT2,CAT3,TR0,700000,0.35,700000,100000000,
ICO748,DA1145,PRO1268,PLAT2,CAT3,TR0,6350000,0.03,6350000,1000000000,13
ICO749,DA1156,PRO1281,PLAT2,CAT3,TR0,890000,0.66,,10000000,
ICO750,DA1157,PRO1282,PLAT2,CAT3,TR0,200000,0.1,200000,1000000000,
ICO751,DA1181,PRO1307,PLAT2,CAT3,TR0,6400000,0.73,1460000,40000000,
ICO752,DA1197,PRO1324,PLAT2,CAT3,TR0,1920000,0.06,,,
ICO753,DA1163,PRO1288,PLAT2,CAT3,TR1,80000,0.01,80000,1000000000,5
ICO754,DA297,PRO352,PLAT3,CAT3,TR0,32700000,6.56,26240000,100000000,
ICO755,DA316,PRO377,PLAT3,CAT3,TR1,60090000,,,10000000000,3
ICO756,DA194,PRO236,PLAT4,CAT3,TR0,92500000,1,,1000000000,
ICO757,DA533,PRO627,PLAT4,CAT3,TR0,13000000,0.03,13000000,5000000000,10
ICO758,DA750,PRO849,PLAT4,CAT3,TR0,1600000,0.8,340000,10000000,26
ICO759,DA774,PRO873,PLAT4,CAT3,TR0,,0,120000,10000000000,30
ICO760,DA1004,PRO1120,PLAT4,CAT3,TR0,122400000,2.4,,,
ICO761,DA1075,PRO1195,PLAT4,CAT3,TR0,600000,0.5,600000,230000000,0.7
ICO762,DA1225,PRO1355,PLAT4,CAT3,TR0,350000,0.1,150000,100000000,
ICO763,DA1228,PRO1358,PLAT4,CAT3,TR0,8000000,0.4,2000000,100000000,25.84
ICO764,DA760,PRO859,PLAT8,CAT3,TR0,1130000,0.3,125000,500000000,13.8
ICO765,DA1222,PRO1351,PLAT8,CAT3,TR0,250000,0.025,250000,1000000000,7.08
ICO766,DA876,PRO981,PLAT16,CAT3,TR0,30000000,0.08,,1000000000,20
ICO767,DA1113,PRO1234,PLAT16,CAT3,TR0,,,,250000000,
ICO768,DA1070,PRO1190,PLAT20,CAT3,TR0,2000000,0,2000000,21000000000,3.1
ICO769,DA1067,PRO1187,PLAT22,CAT3,TR0,4070000,0,,9900000000,4
ICO770,DA1106,PRO1227,PLAT22,CAT3,TR0,,26.76,,,
ICO771,DA1098,PRO1219,PLAT23,CAT3,TR0,190000,0.08,192000,100000000,
ICO772,DA1126,PRO1248,PLAT23,CAT3,TR0,,,,2000000,6.5
ICO773,DA1123,PRO1245,PLAT25,CAT3,TR0,2350000,0,500000,7000000000,
ICO774,DA1069,PRO1189,PLAT27,CAT3,TR0,4400000,0.1,4400000,500000000,30
ICO775,DA1079,PRO1199,PLAT28,CAT3,TR0,62500,,62500,100000000,5
ICO776,DA1090,PRO1210,PLAT29,CAT3,TR0,5930000,0.08,,888888888,8.5
ICO777,DA351,PRO414,PLAT0,CAT7,TR0,25870000,0.15,34200000,1000000000,22.5
ICO778,DA604,PRO700,PLAT1,CAT7,TR0,2500000,0.07,750000,1000000000,
ICO779,DA43,PRO53,PLAT2,CAT7,TR0,100000,0.5,,10000000,40
ICO780,DA109,PRO139,PLAT2,CAT7,TR0,1130000,,,100000000,17
ICO781,DA184,PRO222,PLAT2,CAT7,TR0,3000000,1.81,4512500,100000000,30
ICO782,DA213,PRO257,PLAT2,CAT7,TR0,12450000,1,12450000,250000000,5
ICO783,DA214,PRO258,PLAT2,CAT7,TR0,4500000,0.08,,,
ICO784,DA215,PRO259,PLAT2,CAT7,TR0,16000000,0.3,4999480,420690000,4
ICO785,DA293,PRO348,PLAT2,CAT7,TR0,3400000,0.35,402500,100000000,25
ICO786,DA315,PRO376,PLAT2,CAT7,TR0,7200000,0.04,1195000,1000000000,
ICO787,DA502,PRO592,PLAT2,CAT7,TR0,75000000,1,50000000,1000000000,5
ICO788,DA572,PRO666,PLAT2,CAT7,TR0,5000000,,,,
ICO789,DA589,PRO684,PLAT2,CAT7,TR0,5300000,,200000,1000000000,
ICO790,DA687,PRO786,PLAT2,CAT7,TR0,221000000,0.2,1317000,1500000000,19.6
ICO791,DA691,PRO790,PLAT2,CAT7,TR0,40000000,,,597000000,
ICO792,DA1131,PRO1253,PLAT2,CAT7,TR0,40300000,0.03,350000,3000000000,20
ICO793,DA1131,PRO1257,PLAT4,CAT2,TR0,10650000,0.03,650000,3000000000,
ICO794,DA1165,PRO1290,PLAT2,CAT7,TR0,4100000,0.01,3000000,10000000000,7.22
ICO795,DA1186,PRO1313,PLAT2,CAT7,TR0,52000000,3.9,15600000,100000000,
ICO796,DA1189,PRO1316,PLAT2,CAT7,TR0,24680000,15.4,,100000000,3.75
ICO797,DA1206,PRO1334,PLAT2,CAT7,TR0,1000000,0.1,106500,30300000,
ICO798,DA1173,PRO1299,PLAT2,CAT7,TR1,9000000,0.53,10600000,1000000000,
ICO799,DA207,PRO251,PLAT3,CAT7,TR0,1800000,,,1000000000,
ICO800,DA219,PRO263,PLAT3,CAT7,TR0,90000000,,,21000000000,
ICO801,DA350,PRO413,PLAT3,CAT7,TR1,34000000,,,1000000000,
ICO802,DA350,PRO417,PLAT2,CAT4,TR0,3700000,0.08,200000,888888888,
ICO803,DA32,PRO37,PLAT4,CAT7,TR0,21050000,0.08,50050,21000000000,3.98
ICO804,DA1039,PRO1157,PLAT4,CAT7,TR0,80500000,0.12,,,20
ICO805,DA252,PRO302,PLAT9,CAT7,TR0,,,,,
ICO806,DA591,PRO689,PLAT0,CAT8,TR0,11500000,1.25,120000,100000000,
ICO807,DA591,PRO686,PLAT4,CAT2,TR0,100000,13,100000,3000000000,
ICO808,DA75,PRO92,PLAT1,CAT8,TR0,2900000,0.05,,400000000,18.5
ICO809,DA34,PRO48,PLAT2,CAT8,TR0,1400000,1,,,
ICO810,DA34,PRO40,PLAT2,CAT2,TR0,1780000,0.08,120000,100000000,30
ICO811,DA92,PRO119,PLAT2,CAT8,TR0,1530000,0.25,,100000000,
ICO812,DA92,PRO118,PLAT2,CAT2,TR0,300000,0.05,300000,1000000000,
ICO813,DA149,PRO184,PLAT2,CAT8,TR0,7000000,2,4000000,100000000,
ICO814,DA197,PRO239,PLAT2,CAT8,TR0,,1,,1000000000,
ICO815,DA218,PRO262,PLAT2,CAT8,TR0,,0.12,,66000000,3
ICO816,DA789,PRO888,PLAT2,CAT8,TR0,13950000,,,50000000,70
ICO817,DA791,PRO890,PLAT2,CAT8,TR0,3000000,,,10000000,73
ICO818,DA821,PRO922,PLAT2,CAT8,TR0,3430000,,,200000000,50
ICO819,DA829,PRO930,PLAT2,CAT8,TR0,5300000,700,,107000000,49
ICO820,DA836,PRO937,PLAT2,CAT8,TR0,21500000,,,900000000,85.6
ICO821,DA836,PRO939,PLAT2,CAT15,TR0,20000000,0.1,,1000000000,35
ICO822,DA871,PRO976,PLAT2,CAT8,TR0,47830000,0.3,,1000000000,53
ICO823,DA888,PRO995,PLAT2,CAT8,TR0,6720000,,,450000000,31
ICO824,DA889,PRO996,PLAT2,CAT8,TR0,9020000,,,500000000,50
ICO825,DA1201,PRO1328,PLAT2,CAT8,TR0,1750000,0.1,300000,100000000,3
ICO826,DA1110,PRO1231,PLAT0,CAT19,TR0,200000,2,200000,20000000,
ICO827,DA837,PRO938,PLAT2,CAT19,TR0,20390000,,,1.77E+11,75
ICO828,DA948,PRO1055,PLAT2,CAT19,TR0,11250000,0.13,,750000000,33.3
ICO829,DA1026,PRO1143,PLAT2,CAT19,TR0,3000000,0.1,,200000000,15
ICO830,DA927,PRO1034,PLAT4,CAT19,TR0,,,,,
ICO831,DA1114,PRO1235,PLAT0,CAT2,TR0,,,,,
ICO832,DA1159,PRO1284,PLAT0,CAT2,TR0,75000,0.05,75000,100000000,30
ICO833,DA2,PRO2,PLAT1,CAT2,TR0,3400000,0,200000,10000000000,
ICO834,DA107,PRO137,PLAT1,CAT2,TR0,5600000,0.01,5005000,1000000000,40
ICO835,DA147,PRO182,PLAT1,CAT2,TR0,350000,,,1000000000,15
ICO836,DA174,PRO212,PLAT1,CAT2,TR0,7240000,0.08,300000,1000000000,
ICO837,DA204,PRO248,PLAT1,CAT2,TR0,2250000,1,92000,15000000,
ICO838,DA210,PRO254,PLAT1,CAT2,TR0,600000,0.06,300000,800000000,
ICO839,DA222,PRO266,PLAT1,CAT2,TR0,,,,1000000000,
ICO840,DA277,PRO330,PLAT1,CAT2,TR0,200000,0.8,,50000000,
ICO841,DA336,PRO398,PLAT1,CAT2,TR0,1660000,1,240000,6000000,37.3
ICO842,DA357,PRO428,PLAT1,CAT2,TR0,3040000,0.02,190000,1000000000,20
ICO843,DA357,PRO421,PLAT2,CAT2,TR0,400000,0.02,466667,1000000000,
ICO844,DA357,PRO426,PLAT2,CAT11,TR1,9360000,3.3,12375000,99999700,
ICO845,DA366,PRO433,PLAT1,CAT2,TR0,1010000,0.25,420000,21000000,
ICO846,DA510,PRO600,PLAT1,CAT2,TR0,3400000,0.06,1200000,400000000,
ICO847,DA516,PRO608,PLAT1,CAT2,TR0,880000,0.01,875000,5000000000,
ICO848,DA586,PRO681,PLAT1,CAT2,TR0,,0,100000,1E+11,
ICO849,DA609,PRO705,PLAT1,CAT2,TR0,2600000,0.03,550000,1000000000,18.8
ICO850,DA609,PRO711,PLAT13,CAT4,TR0,6000000,0.04,1500000,1000000000,19.17
ICO851,DA627,PRO724,PLAT1,CAT2,TR0,5650000,0.01,500000,10000000000,19
ICO852,DA633,PRO730,PLAT1,CAT2,TR0,180000,0.04,183000,1000000000,
ICO853,DA650,PRO748,PLAT1,CAT2,TR0,2790000,0.04,1200000,990000000,21.75
ICO854,DA661,PRO759,PLAT1,CAT2,TR0,600000,0.02,841170,150000000,35.49
ICO855,DA680,PRO778,PLAT1,CAT2,TR0,2010000,0.01,750000,3000000000,17
ICO856,DA695,PRO794,PLAT1,CAT2,TR0,,0,50000,1E+11,25
ICO857,DA717,PRO816,PLAT1,CAT2,TR0,860000,0.01,275000,1000000000,20.5
ICO858,DA721,PRO820,PLAT1,CAT2,TR0,,0.02,120000,5000000000,8
ICO859,DA727,PRO826,PLAT1,CAT2,TR0,230000,0.1,100000,2000000000,
ICO860,DA752,PRO851,PLAT1,CAT2,TR0,4600000,0.04,500000,2000000000,21.1
ICO861,DA753,PRO852,PLAT1,CAT2,TR0,7520000,0.09,1200000,2147483648,7.91
ICO862,DA1176,PRO1302,PLAT1,CAT2,TR0,5000000,0.1,5000000,500000000,10
ICO863,DA1182,PRO1308,PLAT1,CAT2,TR0,800000,,,10000000,19
ICO864,DA408,PRO488,PLAT1,CAT2,TR1,2300000,0,100000,5E+12,
ICO865,DA575,PRO669,PLAT1,CAT2,TR1,500000,0.01,1568000,3000000000,12.67
ICO866,DA3,PRO3,PLAT2,CAT2,TR0,1600000,0,500000,10000000000,16.25
ICO867,DA8,PRO8,PLAT2,CAT2,TR0,,0.25,50000,250000000,12
ICO868,DA29,PRO32,PLAT2,CAT2,TR0,50430000,0.6,24000000,15000000000,
ICO869,DA36,PRO42,PLAT2,CAT2,TR0,500000,0.2,,10000000,
ICO870,DA38,PRO45,PLAT2,CAT2,TR0,130000,0.73,,10000000,2
ICO871,DA46,PRO56,PLAT2,CAT2,TR0,2300000,0.04,97500,1000000000,
ICO872,DA49,PRO60,PLAT2,CAT2,TR0,3020000,0.03,180015,500000000,
ICO873,DA51,PRO63,PLAT2,CAT2,TR0,400000,0.1,400000,,
ICO874,DA55,PRO67,PLAT2,CAT2,TR0,1200000,0.04,125000,150000000,35
ICO875,DA55,PRO73,PLAT2,CAT4,TR0,2500000,,165000,250000000,
ICO876,DA57,PRO69,PLAT2,CAT2,TR0,2300000,0.12,200000,380539316,
ICO877,DA60,PRO74,PLAT2,CAT2,TR0,,0.25,,,
ICO878,DA62,PRO76,PLAT2,CAT2,TR0,,,,,
ICO879,DA64,PRO78,PLAT2,CAT2,TR0,3940000,0.1,750000,200000000,20725
ICO880,DA65,PRO79,PLAT2,CAT2,TR0,,0.01,,220000000,44
ICO881,DA68,PRO83,PLAT2,CAT2,TR0,270000,0.5,365000,100000000,10
ICO882,DA79,PRO98,PLAT2,CAT2,TR0,4230000,0.3,200100,75000000,33.33
ICO883,DA82,PRO103,PLAT2,CAT2,TR0,5170000,0.2,1600000,,25
ICO884,DA91,PRO115,PLAT2,CAT2,TR0,1100000,0.05,200000,100000000,10
ICO885,DA95,PRO122,PLAT2,CAT2,TR0,,,,10000000,
ICO886,DA97,PRO124,PLAT2,CAT2,TR0,1400000,0.04,100000,500000000,
ICO887,DA103,PRO132,PLAT2,CAT2,TR0,5000000,0.13,250000,500000000,40
ICO888,DA110,PRO140,PLAT2,CAT2,TR0,280000,0.02,280000,1000000000,
ICO889,DA117,PRO148,PLAT2,CAT2,TR0,300000,0.01,,,
ICO890,DA124,PRO157,PLAT2,CAT2,TR0,5350000,0.48,750000,100000000,19.1
ICO891,DA132,PRO166,PLAT2,CAT2,TR0,300000,0.08,297000,10000000,
ICO892,DA135,PRO170,PLAT2,CAT2,TR0,75000,0.11,63000,188133874,
ICO893,DA137,PRO172,PLAT2,CAT2,TR0,180000,0.3,175000,100000000,20
ICO894,DA138,PRO173,PLAT2,CAT2,TR0,10500000,6,6000000,,
ICO895,DA157,PRO194,PLAT2,CAT2,TR0,15000000,0.08,3750000,1000000000,
ICO896,DA158,PRO196,PLAT2,CAT2,TR0,250000,,,500000000,
ICO897,DA158,PRO195,PLAT2,CAT6,TR0,10000000,,,2000000000,
ICO898,DA160,PRO198,PLAT2,CAT2,TR0,450000,0.01,,1800000000,21.5
ICO899,DA161,PRO199,PLAT2,CAT2,TR0,3550000,0.04,150000,1000000000,14
ICO900,DA166,PRO204,PLAT2,CAT2,TR0,3830000,0.12,,,16
ICO901,DA168,PRO206,PLAT2,CAT2,TR0,70000000,0.14,70000000,10000000000,
ICO902,DA177,PRO215,PLAT2,CAT2,TR0,2000000,0.13,,250000000,15
ICO903,DA180,PRO218,PLAT2,CAT2,TR0,5000000,0.15,,100000000,1.3
ICO904,DA185,PRO223,PLAT2,CAT2,TR0,4470000,0.01,432000,2000000000,24.92
ICO905,DA196,PRO238,PLAT2,CAT2,TR0,44400,,,500000000,10
ICO906,DA196,PRO241,PLAT2,CAT2,TR0,800000,0,160000,2000000000,18
ICO907,DA201,PRO245,PLAT2,CAT2,TR0,3240000,0.1,280000,100000000,35
ICO908,DA225,PRO269,PLAT2,CAT2,TR0,6450000,0.05,100000,500000000,29.8
ICO909,DA226,PRO271,PLAT2,CAT2,TR0,40000,0.02,40000,1000000000,
ICO910,DA235,PRO281,PLAT2,CAT2,TR0,3500000,0.05,500000,1000000000,15
ICO911,DA236,PRO282,PLAT2,CAT2,TR0,2250000,0.06,245000,125000000,
ICO912,DA239,PRO285,PLAT2,CAT2,TR0,1400000,0.15,,1000000000,
ICO913,DA241,PRO288,PLAT2,CAT2,TR0,3700000,0.1,,170000000,
ICO914,DA242,PRO290,PLAT2,CAT2,TR0,2850000,0.35,350000,100000000,
ICO915,DA242,PRO295,PLAT2,CAT2,TR0,10500000,0.01,500000,5000000000,37
ICO916,DA247,PRO296,PLAT2,CAT2,TR0,3600000,0.02,1900000,1000000000,
ICO917,DA247,PRO300,PLAT2,CAT9,TR0,1780000,0.06,300000,100000000,
ICO918,DA269,PRO320,PLAT2,CAT2,TR0,9000000,2,2000000,100000000,
ICO919,DA281,PRO334,PLAT2,CAT2,TR0,16930000,17.19,49851000,100000000,
ICO920,DA310,PRO370,PLAT2,CAT2,TR0,4500000,0.3,235000,100000000,
ICO921,DA331,PRO393,PLAT2,CAT2,TR0,12800000,0.3,12000000,1000000000,
ICO922,DA335,PRO397,PLAT2,CAT2,TR0,2350000,0.15,150000,100000000,
ICO923,DA348,PRO411,PLAT2,CAT2,TR0,2000000,0.02,2000000,1000000000,
ICO924,DA349,PRO412,PLAT2,CAT2,TR0,7500000,,500000,1000000000,
ICO925,DA354,PRO418,PLAT2,CAT2,TR0,2200000,0.02,150000,1000000000,
ICO926,DA358,PRO422,PLAT2,CAT2,TR0,7540000,0.03,,10000000000,
ICO927,DA369,PRO436,PLAT2,CAT2,TR0,3800000,0.1,3800000,1000000000,
ICO928,DA372,PRO440,PLAT2,CAT2,TR0,2800000,0.06,360000,229000000,
ICO929,DA376,PRO445,PLAT2,CAT2,TR0,320000,0.03,300000,1000000000,
ICO930,DA403,PRO481,PLAT2,CAT2,TR0,5500000,0.07,350000,400000000,25
ICO931,DA410,PRO490,PLAT2,CAT2,TR0,3400000,0.05,348030,500000000,
ICO932,DA414,PRO495,PLAT2,CAT2,TR0,3950000,0.04,450000,2000000000,
ICO933,DA416,PRO498,PLAT2,CAT2,TR0,2100000,0,,10000000000,
ICO934,DA446,PRO531,PLAT2,CAT2,TR0,140000,0.02,140000,1000000000,
ICO935,DA449,PRO534,PLAT2,CAT2,TR0,18200000,0.2,8190000,1000000000,
ICO936,DA455,PRO542,PLAT2,CAT2,TR0,9400000,,,100000000,
ICO937,DA478,PRO566,PLAT2,CAT2,TR0,1000000,0.08,1000000,250000000,
ICO938,DA482,PRO570,PLAT2,CAT2,TR0,700000,0.05,,1000000000,
ICO939,DA487,PRO575,PLAT2,CAT2,TR0,250000,0.2,600900,100000000,
ICO940,DA508,PRO598,PLAT2,CAT2,TR0,26000000,0.08,1005000,2000000000,
ICO941,DA522,PRO615,PLAT2,CAT2,TR0,3500000,0.04,2000000,1000000000,
ICO942,DA550,PRO644,PLAT2,CAT2,TR0,,0.01,,4000000000,23
ICO943,DA552,PRO646,PLAT2,CAT2,TR0,4800000,0.02,720000,2000000000,
ICO944,DA563,PRO657,PLAT2,CAT2,TR0,1850000,0.54,756000,,
ICO945,DA573,PRO667,PLAT2,CAT2,TR0,200000,0.01,200000,10000000000,13
ICO946,DA594,PRO690,PLAT2,CAT2,TR0,100000,0.15,100000,1000000000,6
ICO947,DA601,PRO697,PLAT2,CAT2,TR0,4500000,0.45,3600000,100000000,20
ICO948,DA616,PRO713,PLAT2,CAT2,TR0,180000,0.04,175000,1000000000,
ICO949,DA625,PRO722,PLAT2,CAT2,TR0,5500000,0,600000,10000000000,19.9
ICO950,DA635,PRO732,PLAT2,CAT2,TR0,7500000,0.13,100000,1000000000,20
ICO951,DA636,PRO733,PLAT2,CAT2,TR0,2850000,,1070000,,
ICO952,DA640,PRO737,PLAT2,CAT2,TR0,9870000,0.04,1470000,1000000000,28.2
ICO953,DA641,PRO738,PLAT2,CAT2,TR0,40000000,0.3,150000,1000000000,10
ICO954,DA641,PRO739,PLAT2,CAT4,TR0,800000,,,5000000000,12
ICO955,DA645,PRO743,PLAT2,CAT2,TR0,4070000,0.07,1050000,500000000,17
ICO956,DA657,PRO755,PLAT2,CAT2,TR0,4000000,0.06,4800000,1000000000,20
ICO957,DA667,PRO765,PLAT2,CAT2,TR0,7000000,0.2,80000,1000000000,20
ICO958,DA671,PRO769,PLAT2,CAT2,TR0,,0.01,50000,1000000000,20
ICO959,DA678,PRO776,PLAT2,CAT2,TR0,2300000,0,575000,5000000000,28.75
ICO960,DA683,PRO781,PLAT2,CAT2,TR0,3340000,0.02,80000,500000000,36
ICO961,DA688,PRO787,PLAT2,CAT2,TR0,150000,0.1,150000,800000000,3125
ICO962,DA1230,PRO787,PLAT2,CAT2,TR0,150000,0.065,200000,800000000,31
ICO963,DA692,PRO791,PLAT2,CAT2,TR0,13550000,0.06,120000,1000000000,30
ICO964,DA700,PRO799,PLAT2,CAT2,TR0,,,,450000000,
ICO965,DA702,PRO801,PLAT2,CAT2,TR0,,0.07,120000,1000000000,20
ICO966,DA703,PRO802,PLAT2,CAT2,TR0,,0,60000,1.56E+11,
ICO967,DA706,PRO805,PLAT2,CAT2,TR0,3250000,0.01,600000,1500000000,32
ICO968,DA722,PRO821,PLAT2,CAT2,TR0,,0.16,150000,240000000,18.75
ICO969,DA735,PRO834,PLAT2,CAT2,TR0,6050000,0.04,225000,1000000000,28
ICO970,DA746,PRO845,PLAT2,CAT2,TR0,52000000,0.1,,10000000000,
ICO971,DA754,PRO853,PLAT2,CAT2,TR0,3900000,0.01,4200000,10000000000,31
ICO972,DA764,PRO863,PLAT2,CAT2,TR0,2600000,0.01,800000,2000000000,19
ICO973,DA768,PRO867,PLAT2,CAT2,TR0,2500000,0.13,2080000,150000000,
ICO974,DA842,PRO944,PLAT2,CAT2,TR0,11300000,,,3600000000,30
ICO975,DA873,PRO978,PLAT2,CAT2,TR0,10010000,,,300000000,33
ICO976,DA914,PRO1021,PLAT2,CAT2,TR0,18700000,0.01,2750000,10000000000,35
ICO977,DA920,PRO1027,PLAT2,CAT2,TR0,9000000,,,400000000,25
ICO978,DA1037,PRO1155,PLAT2,CAT2,TR0,19000000,0,,1E+12,20
ICO979,DA1050,PRO1169,PLAT2,CAT2,TR0,14930000,1,15000000,1000000000,7
ICO980,DA1060,PRO1179,PLAT2,CAT2,TR0,520000,0.26,520000,100000000,2
ICO981,DA1062,PRO1181,PLAT2,CAT2,TR0,1500000,0.02,1500000,1000000000,10
ICO982,DA1087,PRO1207,PLAT2,CAT2,TR0,1660000,0.22,500000,120000000,50
ICO983,DA1109,PRO1230,PLAT2,CAT2,TR0,,,,40000000,
ICO984,DA1141,PRO1264,PLAT2,CAT2,TR0,260000,,,48000,
ICO985,DA1153,PRO1276,PLAT2,CAT2,TR0,1200000,0.11,1200000,50000000,
ICO986,DA1155,PRO1279,PLAT2,CAT2,TR0,130000,0.03,125000,200000000,
ICO987,DA1152,PRO1280,PLAT2,CAT2,TR0,110000,0.01,105000,1200000000,
ICO988,DA1152,PRO1275,PLAT2,CAT6,TR0,100000,0.02,100000,,1
ICO989,DA1158,PRO1283,PLAT2,CAT2,TR0,,,,100000000,15
ICO990,DA1161,PRO1286,PLAT2,CAT2,TR0,,0.04,,1000000000,5
ICO991,DA1168,PRO1293,PLAT2,CAT2,TR0,,,,,
ICO992,DA1172,PRO1298,PLAT2,CAT2,TR0,150000,0.13,150000,160000000,8.65
ICO993,DA1190,PRO1317,PLAT2,CAT2,TR0,1100000,2.5,1100000,10000000,
ICO994,DA1192,PRO1319,PLAT2,CAT2,TR0,1000000,0.04,100000,100000000,35
ICO995,DA1199,PRO1326,PLAT2,CAT2,TR0,12450000,1.43,21450000,1000000000,
ICO996,DA1203,PRO1330,PLAT2,CAT2,TR0,1350000,0.12,,60000000,31
ICO997,DA1209,PRO1337,PLAT2,CAT2,TR0,200000,0.4,200000,100000000,20.5
ICO998,DA1210,PRO1338,PLAT2,CAT2,TR0,2030000,0.1,500000,200000000,
ICO999,DA1212,PRO1340,PLAT2,CAT2,TR0,150000,0.17,150300,100000000,
ICO1000,DA1214,PRO1342,PLAT2,CAT2,TR0,950000,0.1,,20000000,
ICO1001,DA1217,PRO1345,PLAT2,CAT2,TR0,3300000,0.01,3000000,10000000000,3.8
ICO1002,DA1218,PRO1346,PLAT2,CAT2,TR0,500000,0.06,500000,100000000,20
ICO1003,DA106,PRO136,PLAT3,CAT2,TR0,2660000,0.02,400000,1000000000,37
ICO1004,DA254,PRO304,PLAT3,CAT2,TR0,1800000,0.3,300000,100000000,31
ICO1005,DA299,PRO354,PLAT3,CAT2,TR0,4850000,0.13,350000,700000000,
ICO1006,DA374,PRO443,PLAT3,CAT2,TR0,2120000,0.01,577500,1000000000,
ICO1007,DA379,PRO449,PLAT3,CAT2,TR0,3520000,0.08,105000,320000000,
ICO1008,DA427,PRO510,PLAT3,CAT2,TR0,4920000,0.07,560000,400000000,
ICO1009,DA486,PRO574,PLAT3,CAT2,TR0,750000,0.06,750000,1000000000,
ICO1010,DA599,PRO695,PLAT3,CAT2,TR0,600000,0.2,600000,300000000,12
ICO1011,DA582,PRO676,PLAT3,CAT2,TR1,4700000,0.02,445500,2000000000,25.35
ICO1012,DA130,PRO164,PLAT4,CAT2,TR0,2200000,,,200000000,30
ICO1013,DA259,PRO309,PLAT4,CAT2,TR0,14800000,0.1,,,
ICO1014,DA365,PRO438,PLAT4,CAT2,TR0,3150000,0.02,445000,500000000,
ICO1015,DA365,PRO432,PLAT1,CAT4,TR0,100000,0.04,100000,400000000,
ICO1016,DA602,PRO698,PLAT4,CAT2,TR0,150000,0.02,150000,20000000000,
ICO1017,DA744,PRO843,PLAT4,CAT2,TR0,49000000,0.36,,800000000,40
ICO1018,DA757,PRO856,PLAT4,CAT2,TR0,1650000,0.05,490000,100000000,50
ICO1019,DA758,PRO857,PLAT4,CAT2,TR0,1200000,0,1200000,10000000000,24
ICO1020,DA1077,PRO1197,PLAT4,CAT2,TR0,42000000,0.5,9450000,720000000,4.72
ICO1021,DA9,PRO9,PLAT5,CAT2,TR0,,,,250000000,20
ICO1022,DA206,PRO250,PLAT6,CAT2,TR0,1200000,0.09,138000,100000000,
ICO1023,DA442,PRO527,PLAT8,CAT2,TR0,1500000,0,700000,10000000000,
ICO1024,DA442,PRO526,PLAT3,CAT12,TR0,39900000,0.4,1800000,1000000000,
ICO1025,DA652,PRO750,PLAT8,CAT2,TR0,25150000,0.06,150000,3500000000,20
ICO1026,DA682,PRO780,PLAT8,CAT2,TR0,3750000,0.04,1000000,1000000000,14.7
ICO1027,DA713,PRO812,PLAT8,CAT2,TR0,,0.3,1060000,240000000,6.75
ICO1028,DA730,PRO829,PLAT8,CAT2,TR0,1700000,0.03,500000,1000000000,11.4
ICO1029,DA781,PRO880,PLAT8,CAT2,TR0,5230000,0.08,100000,5000000000,6
ICO1030,DA781,PRO1350,PLAT8,CAT2,TR0,5230000,0.075,100000,5000000000,6
ICO1031,DA1227,PRO1357,PLAT10,CAT2,TR0,1430000,0.007,280000,2000000000,21.25
ICO1032,DA632,PRO729,PLAT14,CAT2,TR0,50000000,0.02,150000,3500000000,40
ICO1033,DA1187,PRO1314,PLAT30,CAT2,TR0,13170000,5,10000000,100000000,
ICO1034,DA11,PRO11,PLAT1,CAT4,TR0,6900000,0.12,2400000,500000000,14
ICO1035,DA21,PRO23,PLAT1,CAT4,TR0,2400000,0.01,2400000,1000000000,40
ICO1036,DA123,PRO155,PLAT1,CAT4,TR0,2570000,0.18,,100000000,
ICO1037,DA253,PRO303,PLAT1,CAT4,TR0,1660000,0.01,120000,1000000000,
ICO1038,DA263,PRO314,PLAT1,CAT4,TR0,600000,0.4,,100000000,23.75
ICO1039,DA270,PRO321,PLAT1,CAT4,TR0,130000,0.03,125100,90000000,
ICO1040,DA279,PRO332,PLAT1,CAT4,TR0,300000,0.1,350000,100000000,
ICO1041,DA285,PRO338,PLAT1,CAT4,TR0,230000,0.02,225000,1000000000,
ICO1042,DA292,PRO347,PLAT1,CAT4,TR0,670000,0.01,1833333,1000000000,
ICO1043,DA304,PRO363,PLAT1,CAT4,TR0,2000000,0.01,100000,1000000000,
ICO1044,DA304,PRO360,PLAT2,CAT4,TR0,300000,0.03,,1000000000,1.2
ICO1045,DA308,PRO366,PLAT1,CAT4,TR0,140000,0.06,140000,500000000,
ICO1046,DA314,PRO375,PLAT1,CAT4,TR0,4940000,0.01,140000,1000000000,
ICO1047,DA326,PRO387,PLAT1,CAT4,TR0,2270000,,240000,1000000000,
ICO1048,DA388,PRO461,PLAT1,CAT4,TR0,330000,0.02,,1000000000,
ICO1049,DA390,PRO463,PLAT1,CAT4,TR0,300000,0.7,301000,10000000,
ICO1050,DA407,PRO487,PLAT1,CAT4,TR0,3380000,0.02,600000,1000000000,
ICO1051,DA409,PRO489,PLAT1,CAT4,TR0,170000,0.02,170000,1000000000,
ICO1052,DA423,PRO505,PLAT1,CAT4,TR0,4000000,0.03,350000,1000000000,
ICO1053,DA425,PRO508,PLAT1,CAT4,TR0,500000,0.03,,1000000000,
ICO1054,DA426,PRO509,PLAT1,CAT4,TR0,300000,0.01,300000,1000000000,
ICO1055,DA436,PRO520,PLAT1,CAT4,TR0,980000,0.1,975000,200000000,
ICO1056,DA441,PRO525,PLAT1,CAT4,TR0,300000,0.06,300000,200000000,
ICO1057,DA444,PRO529,PLAT1,CAT4,TR0,2400000,0.03,452500,1000000000,
ICO1058,DA457,PRO544,PLAT1,CAT4,TR0,2200000,0.04,500000,500000000,
ICO1059,DA477,PRO565,PLAT1,CAT4,TR0,2020000,0.15,200000,100000000,
ICO1060,DA483,PRO571,PLAT1,CAT4,TR0,5450000,,800000,1000000000,20
ICO1061,DA485,PRO573,PLAT1,CAT4,TR0,4700000,0.05,1200000,1000000000,
ICO1062,DA501,PRO591,PLAT1,CAT4,TR0,8718,0.03,613013,500000000,
ICO1063,DA512,PRO603,PLAT1,CAT4,TR0,2450000,0.03,450000,1000000000,
ICO1064,DA513,PRO604,PLAT1,CAT4,TR0,3540000,0.18,936000,200000000,
ICO1065,DA518,PRO610,PLAT1,CAT4,TR0,70000,1,70000,100000000,
ICO1066,DA521,PRO614,PLAT1,CAT4,TR0,1450000,0.12,300000,300000000,
ICO1067,DA526,PRO619,PLAT1,CAT4,TR0,860000,0.05,304000,300000000,
ICO1068,DA532,PRO626,PLAT1,CAT4,TR0,250000,0.01,250000,2750000000,
ICO1069,DA535,PRO629,PLAT1,CAT4,TR0,2470000,0.16,560000,100000000,
ICO1070,DA537,PRO631,PLAT1,CAT4,TR0,150000,0.08,150000,230000000,
ICO1071,DA551,PRO645,PLAT1,CAT4,TR0,590000,0.05,161500,1000000000,
ICO1072,DA556,PRO650,PLAT1,CAT4,TR0,2600000,0.04,1400000,1000000000,
ICO1073,DA564,PRO658,PLAT1,CAT4,TR0,600000,0.01,600000,300000000,20
ICO1074,DA567,PRO661,PLAT1,CAT4,TR0,12160000,0.08,400000,1000000000,
ICO1075,DA576,PRO670,PLAT1,CAT4,TR0,1770000,0.03,570000,960000000,7
ICO1076,DA608,PRO704,PLAT1,CAT4,TR0,1300000,0.25,300000,100000000,12
ICO1077,DA617,PRO714,PLAT1,CAT4,TR0,380000,0.01,900000,1000000000,15
ICO1078,DA618,PRO715,PLAT1,CAT4,TR0,1620000,0.01,600000,3000000000,11
ICO1079,DA619,PRO716,PLAT1,CAT4,TR0,1960000,0.2,400000,100000000,15
ICO1080,DA634,PRO731,PLAT1,CAT4,TR0,2840000,0.05,800000,500000000,15.2
ICO1081,DA646,PRO744,PLAT1,CAT4,TR0,310000,0.01,150000,1000000000,8
ICO1082,DA647,PRO745,PLAT1,CAT4,TR0,2050000,0.01,900000,1000000000,31
ICO1083,DA655,PRO753,PLAT1,CAT4,TR0,1600000,0.12,220000,250000000,15
ICO1084,DA670,PRO768,PLAT1,CAT4,TR0,75000,0,75000,1000000000,3
ICO1085,DA672,PRO770,PLAT1,CAT4,TR0,860000,0.01,520000,1000000000,8
ICO1086,DA694,PRO793,PLAT1,CAT4,TR0,880000,0.04,875000,1000000000,11
ICO1087,DA697,PRO796,PLAT1,CAT4,TR0,640000,0.02,50000,500000000,11
ICO1088,DA729,PRO828,PLAT1,CAT4,TR0,150000,0.03,100000,1000000000,30
ICO1089,DA733,PRO832,PLAT1,CAT4,TR0,20000000,,,1000000000,
ICO1090,DA736,PRO835,PLAT1,CAT4,TR0,3610000,0.37,50000,100000000,27
ICO1091,DA743,PRO842,PLAT1,CAT4,TR0,2070000,0.01,950000,3000000000,19.2
ICO1092,DA766,PRO865,PLAT1,CAT4,TR0,1750000,0.02,450000,600000000,26.5
ICO1093,DA773,PRO872,PLAT1,CAT4,TR0,2200000,0.08,1200000,300000000,11
ICO1094,DA775,PRO874,PLAT1,CAT4,TR0,2100000,0,1400700,5000000000,15
ICO1095,DA578,PRO672,PLAT1,CAT4,TR1,10600000,0.6,1080000,120000000,16.5
ICO1096,DA707,PRO806,PLAT1,CAT4,TR1,1970000,0.08,250000,1000000000,6.5
ICO1097,DA27,PRO29,PLAT2,CAT4,TR0,51640000,88,,10000000,10
ICO1098,DA86,PRO108,PLAT2,CAT4,TR0,200000,0.1,200000,400000000,
ICO1099,DA96,PRO123,PLAT2,CAT4,TR0,,,,1000000,4
ICO1100,DA159,PRO197,PLAT2,CAT4,TR0,5330000,0.5,,1000000000,
ICO1101,DA176,PRO214,PLAT2,CAT4,TR0,1480000,,,160000000,32
ICO1102,DA216,PRO260,PLAT2,CAT4,TR0,200000,0.08,200000,,
ICO1103,DA221,PRO265,PLAT2,CAT4,TR0,3620000,0.15,123000,275000000,15.54
ICO1104,DA224,PRO268,PLAT2,CAT4,TR0,1230000,0.09,,10000000000,25
ICO1105,DA250,PRO299,PLAT2,CAT4,TR0,2400000,0.02,300000,1000000000,
ICO1106,DA265,PRO316,PLAT2,CAT4,TR0,3320000,0.02,195000,1000000000,
ICO1107,DA267,PRO318,PLAT2,CAT4,TR0,4200000,0.01,100000,,
ICO1108,DA273,PRO324,PLAT2,CAT4,TR0,2130000,0.03,95000,500000000,
ICO1109,DA274,PRO325,PLAT2,CAT4,TR0,3980000,0.09,180000,1000000000,
ICO1110,DA280,PRO333,PLAT2,CAT4,TR0,25320000,0.34,11760000,200000000,
ICO1111,DA283,PRO336,PLAT2,CAT4,TR0,108800000,15.53,108710000,100000000,7
ICO1112,DA290,PRO345,PLAT2,CAT4,TR0,730000,1.75,728000,10000000,
ICO1113,DA295,PRO350,PLAT2,CAT4,TR0,190000,0.01,112500,1000000000,
ICO1114,DA318,PRO379,PLAT2,CAT4,TR0,250000,0.14,256500,200000000,
ICO1115,DA324,PRO385,PLAT2,CAT4,TR0,5500000,0.1,6000000,1000000000,6
ICO1116,DA325,PRO386,PLAT2,CAT4,TR0,1800000,0.08,115000,100000000,
ICO1117,DA338,PRO400,PLAT2,CAT4,TR0,2580000,0.28,1050000,30000000,
ICO1118,DA347,PRO410,PLAT2,CAT4,TR0,2700000,0.02,552000,800000000,
ICO1119,DA352,PRO415,PLAT2,CAT4,TR0,2260000,0.2,260000,100000000,
ICO1120,DA363,PRO430,PLAT2,CAT4,TR0,100000,0.02,,250000000,
ICO1121,DA364,PRO431,PLAT2,CAT4,TR0,,0,,,
ICO1122,DA370,PRO437,PLAT2,CAT4,TR0,1560000,0.13,780000,160000000,
ICO1123,DA382,PRO454,PLAT2,CAT4,TR0,3270000,0.05,300000,400000000,
ICO1124,DA384,PRO457,PLAT2,CAT4,TR0,2000000,,2000000,150000000,
ICO1125,DA385,PRO458,PLAT2,CAT4,TR0,330000,0.01,325000,10000000000,
ICO1126,DA387,PRO460,PLAT2,CAT4,TR0,61470000,0.6,60000,300000000,
ICO1127,DA392,PRO465,PLAT2,CAT4,TR0,6000000,0.2,6000000,300000000,
ICO1128,DA398,PRO473,PLAT2,CAT4,TR0,4240000,0.05,400000,500000000,
ICO1129,DA398,PRO474,PLAT2,CAT4,TR0,8000000,0.18,109080000,30300000000,
ICO1130,DA398,PRO476,PLAT2,CAT4,TR0,1590000,1.24,90000,100000000,
ICO1131,DA402,PRO480,PLAT2,CAT4,TR0,2740000,0.02,280000,1000000000,
ICO1132,DA405,PRO483,PLAT2,CAT4,TR0,400000,0,442857,30000000000,
ICO1133,DA412,PRO492,PLAT2,CAT4,TR0,160000,0.16,160000,160000000,
ICO1134,DA422,PRO517,PLAT2,CAT4,TR0,2550000,0.04,500000,500000000,
ICO1135,DA422,PRO504,PLAT3,CAT4,TR0,600000,0.05,500000,1000000000,
ICO1136,DA435,PRO519,PLAT2,CAT4,TR0,53000,0.06,53000,,
ICO1137,DA437,PRO521,PLAT2,CAT4,TR0,3720000,0.22,330000,100000000,
ICO1138,DA452,PRO539,PLAT2,CAT4,TR0,400000,0.16,400000,168000000,
ICO1139,DA454,PRO541,PLAT2,CAT4,TR0,8000000,,,10000000000,
ICO1140,DA456,PRO543,PLAT2,CAT4,TR0,3630000,0.02,1260000,1000000000,
ICO1141,DA458,PRO545,PLAT2,CAT4,TR0,4320000,0.03,245000,640000000,
ICO1142,DA461,PRO548,PLAT2,CAT4,TR0,11100000,0.14,,1000000000,
ICO1143,DA464,PRO552,PLAT2,CAT4,TR0,2950000,0.1,1000000,200000000,
ICO1144,DA468,PRO556,PLAT2,CAT4,TR0,860000,400,,,
ICO1145,DA480,PRO568,PLAT2,CAT4,TR0,4600000,0.03,600000,1000000000,
ICO1146,DA488,PRO576,PLAT2,CAT4,TR0,3450000,,,500000000,
ICO1147,DA496,PRO585,PLAT2,CAT4,TR0,7800000,0.15,1800000,1000000000,
ICO1148,DA514,PRO605,PLAT2,CAT4,TR0,14000000,0.08,100000,1000000000,
ICO1149,DA519,PRO611,PLAT2,CAT4,TR0,2920000,0.15,325000,100000000,
ICO1150,DA523,PRO616,PLAT2,CAT4,TR0,89230,0.03,88977,5000000000,
ICO1151,DA527,PRO620,PLAT2,CAT4,TR0,380000,,,1000000000,
ICO1152,DA528,PRO621,PLAT2,CAT4,TR0,2400000,0.4,400000,100000000,
ICO1153,DA534,PRO628,PLAT2,CAT4,TR0,1240000,0.04,800000,200000000,
ICO1154,DA542,PRO636,PLAT2,CAT4,TR0,12000000,,,1378000000,39.9
ICO1155,DA545,PRO639,PLAT2,CAT4,TR0,3220000,0.02,1250000,999999999,
ICO1156,DA549,PRO643,PLAT2,CAT4,TR0,2600000,0.1,1287000,500000000,
ICO1157,DA553,PRO647,PLAT2,CAT4,TR0,,,,21000000,
ICO1158,DA554,PRO648,PLAT2,CAT4,TR0,28500000,0.55,24750000,1000000000,25
ICO1159,DA562,PRO656,PLAT2,CAT4,TR0,15450000,0.01,464000,1000000000,
ICO1160,DA580,PRO674,PLAT2,CAT4,TR0,8000000,,2000000,1000000000,25
ICO1161,DA605,PRO701,PLAT2,CAT4,TR0,2250000,0.3,550000,,
ICO1162,DA614,PRO710,PLAT2,CAT4,TR0,2000000,0.04,2000000,1000000000,24
ICO1163,DA621,PRO718,PLAT2,CAT4,TR0,3500000,0.02,630000,2500000000,26.3
ICO1164,DA623,PRO720,PLAT2,CAT4,TR0,2650000,0,100000,10000000000,16.2
ICO1165,DA624,PRO721,PLAT2,CAT4,TR0,2960000,0.05,500000,750000000,16
ICO1166,DA643,PRO741,PLAT2,CAT4,TR0,150000,0.1,150000,270000000,9.9
ICO1167,DA651,PRO749,PLAT2,CAT4,TR0,6000000,0.04,1050000,1000000000,21
ICO1168,DA690,PRO789,PLAT2,CAT4,TR0,3540000,0.02,720000,1000000000,18
ICO1169,DA701,PRO800,PLAT2,CAT4,TR0,1140000,0.02,100000,1000000000,30
ICO1170,DA709,PRO808,PLAT2,CAT4,TR0,7560000,,60000,1000000000,
ICO1171,DA726,PRO825,PLAT2,CAT4,TR0,5000000,0.1,150000,1000000000,13.2
ICO1172,DA737,PRO836,PLAT2,CAT4,TR0,14000000,0.03,20000,3000000000,20
ICO1173,DA740,PRO839,PLAT2,CAT4,TR0,2000000,0.08,60000,600000000,
ICO1174,DA748,PRO847,PLAT2,CAT4,TR0,18000000,0,3450000,,
ICO1175,DA761,PRO860,PLAT2,CAT4,TR0,2500000,0.01,4860000,3000000000,18
ICO1176,DA770,PRO869,PLAT2,CAT4,TR0,500000,0.15,600000,1000000000,
ICO1177,DA825,PRO926,PLAT2,CAT4,TR0,13410000,,,10000000000,45
ICO1178,DA832,PRO933,PLAT2,CAT4,TR0,12300000,0.3,,150000000,41
ICO1179,DA857,PRO959,PLAT2,CAT4,TR0,15350000,0.08,,508628132,40
ICO1180,DA921,PRO1028,PLAT2,CAT4,TR0,3000000,0.1,,633813700,50
ICO1181,DA1082,PRO1202,PLAT2,CAT4,TR0,2000000,0.04,2000000,1000000000,
ICO1182,DA1151,PRO1274,PLAT2,CAT4,TR0,2970000,0.1,2970000,270000000,11
ICO1183,DA1174,PRO1300,PLAT2,CAT4,TR0,2200000,0.13,100000,100000000,
ICO1184,DA1211,PRO1339,PLAT2,CAT4,TR0,330000,2.2,330000,10000000,
ICO1185,DA1221,PRO1349,PLAT2,CAT4,TR0,8700000,0.3,430000,350000000,
ICO1186,DA362,PRO429,PLAT2,CAT4,TR1,2850000,0.7,525000,30000000,24
ICO1187,DA377,PRO446,PLAT2,CAT4,TR1,3340000,0.15,290000,100000000,
ICO1188,DA383,PRO456,PLAT2,CAT4,TR1,51800000,1.1,44000000,1000000000,
ICO1189,DA447,PRO532,PLAT2,CAT4,TR1,7000000,0.16,4000000,500000000,
ICO1190,DA470,PRO558,PLAT2,CAT4,TR1,2410000,0.01,194200,1000000000,
ICO1191,DA476,PRO564,PLAT2,CAT4,TR1,3570000,0.04,245000,1000000000,
ICO1192,DA505,PRO595,PLAT2,CAT4,TR1,6000000,,,,
ICO1193,DA561,PRO655,PLAT2,CAT4,TR1,,0.01,,,
ICO1194,DA603,PRO699,PLAT2,CAT4,TR1,530000,0.03,525000,1000000000,19.75
ICO1195,DA195,PRO237,PLAT3,CAT4,TR0,1000000,0,501768,,2
ICO1196,DA319,PRO380,PLAT3,CAT4,TR0,8660000,0.8,400000,100000000,
ICO1197,DA334,PRO396,PLAT3,CAT4,TR0,1700000,0.01,500000,100000000,
ICO1198,DA337,PRO399,PLAT3,CAT4,TR0,140000,0.05,140000,10000000000,
ICO1199,DA380,PRO455,PLAT3,CAT4,TR0,3350000,0.13,500000,200000000,
ICO1200,DA380,PRO452,PLAT3,CAT6,TR0,2580000,0.38,147000,100000000,
ICO1201,DA473,PRO561,PLAT3,CAT4,TR0,400000,0.38,,,
ICO1202,DA529,PRO622,PLAT3,CAT4,TR0,250000,0.03,250000,500000000,
ICO1203,DA571,PRO665,PLAT3,CAT4,TR0,4590000,0.3,90000,1000000000,15
ICO1204,DA622,PRO719,PLAT3,CAT4,TR0,2050000,0.04,1050000,637500000,18.8
ICO1205,DA716,PRO815,PLAT3,CAT4,TR0,230000,0.04,220500,1000000000,23
ICO1206,DA739,PRO838,PLAT3,CAT4,TR0,2670000,0.01,375000,2000000000,14.5
ICO1207,DA329,PRO391,PLAT4,CAT4,TR0,1490000,0.15,246500,85000000,17
ICO1208,DA711,PRO810,PLAT4,CAT4,TR0,470000,0.17,20000,18993665,16.83
ICO1209,DA763,PRO862,PLAT4,CAT4,TR0,,,,10000000,
ICO1210,DA547,PRO641,PLAT8,CAT4,TR0,3270000,0.13,1420250,95000000,
ICO1211,DA689,PRO788,PLAT8,CAT4,TR0,4760000,0.01,317500,3000000000,25
ICO1212,DA747,PRO846,PLAT8,CAT4,TR0,4350000,0.12,1050000,150000000,
ICO1213,DA779,PRO878,PLAT8,CAT4,TR0,,0.04,250000,350000000,21.97
ICO1214,DA555,PRO649,PLAT12,CAT4,TR0,7300000,0.01,30000000,100000000,1
ICO1215,DA904,PRO1011,PLAT16,CAT4,TR0,4060000,0.02,,1000000000,65
ICO1216,DA13,PRO13,PLAT1,CAT5,TR0,780000,0.02,780000,100000000,40
ICO1217,DA615,PRO712,PLAT1,CAT5,TR0,780000,0.03,,1000000000,15
ICO1218,DA731,PRO830,PLAT1,CAT5,TR0,910000,0.01,720000,1000000000,19
ICO1219,DA772,PRO871,PLAT1,CAT5,TR0,1450000,0,490000,2000000000,23
ICO1220,DA1226,PRO1356,PLAT1,CAT5,TR0,2340000,0.01,870000,1000000000,28.7
ICO1221,DA1231,PRO1360,PLAT1,CAT5,TR0,5640000,0.03,1600000,1000000000,
ICO1222,DA795,PRO894,PLAT2,CAT5,TR0,34870000,,,299792458,50
ICO1223,DA802,PRO901,PLAT2,CAT5,TR0,45000000,0.27,,1500000000,20
ICO1224,DA814,PRO915,PLAT2,CAT5,TR0,,0.05,,,
ICO1225,DA855,PRO957,PLAT2,CAT5,TR0,10000000,,,210000000,60
ICO1226,DA982,PRO1096,PLAT2,CAT5,TR0,3890000,0.02,,1000000000,25
ICO1227,DA1143,PRO1266,PLAT2,CAT5,TR0,,,,1000000000,
ICO1228,DA732,PRO831,PLAT4,CAT5,TR0,100000,0,189997,1000000000,35
ICO1229,DA818,PRO919,PLAT16,CAT5,TR0,13590000,,,650000000,40
ICO1230,DA143,PRO178,PLAT1,CAT9,TR0,2750000,0.04,4320000,1000000000,37.8
ICO1231,DA186,PRO224,PLAT1,CAT9,TR0,1900000,0.01,550000,1000000000,24.5
ICO1232,DA342,PRO405,PLAT1,CAT9,TR0,910000,0.06,180000,100000000,
ICO1233,DA628,PRO725,PLAT1,CAT9,TR0,630000,0.02,903000,1000000000,
ICO1234,DA751,PRO850,PLAT1,CAT9,TR0,,,,1000000000,
ICO1235,DA777,PRO876,PLAT1,CAT9,TR0,1670000,0.01,680000,1000000000,25
ICO1236,DA77,PRO95,PLAT2,CAT9,TR0,3250000,0.05,250000,,
ICO1237,DA100,PRO128,PLAT2,CAT9,TR0,3750000,0.15,1200000,50000000,50
ICO1238,DA152,PRO189,PLAT2,CAT9,TR0,3520000,,,,
ICO1239,DA163,PRO201,PLAT2,CAT9,TR0,2340000,0.08,340000,100000000,29.25
ICO1240,DA164,PRO202,PLAT2,CAT9,TR0,2960000,0.01,400000,5000000000,16.8
ICO1241,DA188,PRO228,PLAT2,CAT9,TR0,9000000,,,1000000000,
ICO1242,DA200,PRO243,PLAT2,CAT9,TR0,3120000,0.02,,1000000000,19
ICO1243,DA255,PRO305,PLAT2,CAT9,TR0,3000000,0.06,3000000,1000000000,
ICO1244,DA287,PRO341,PLAT2,CAT9,TR0,500000,,,,
ICO1245,DA296,PRO351,PLAT2,CAT9,TR0,130000,0.5,125000,25000000,
ICO1246,DA439,PRO523,PLAT2,CAT9,TR0,2000000,,,,
ICO1247,DA440,PRO524,PLAT2,CAT9,TR0,6500000,1,1000000,100000000,
ICO1248,DA520,PRO612,PLAT2,CAT9,TR0,7250000,0.16,7200000,1000000000,15.5
ICO1249,DA546,PRO640,PLAT2,CAT9,TR0,9400000,0.1,3100000,1000000000,
ICO1250,DA612,PRO708,PLAT2,CAT9,TR0,3650000,0.17,150000,800000000,
ICO1251,DA626,PRO723,PLAT2,CAT9,TR0,3300000,0.4,1000000,100000000,10.2
ICO1252,DA639,PRO736,PLAT2,CAT9,TR0,4000000,0.07,720000,500000000,22
ICO1253,DA756,PRO855,PLAT2,CAT9,TR0,10400000,0.16,400000,1000000000,30
ICO1254,DA800,PRO899,PLAT2,CAT9,TR0,7900000,,,1800000000,50
ICO1255,DA804,PRO903,PLAT2,CAT9,TR0,14400000,0.08,,500000000,40
ICO1256,DA816,PRO917,PLAT2,CAT9,TR0,5100000,0.15,,,70
ICO1257,DA923,PRO1030,PLAT2,CAT9,TR0,15000000,,,5000000000,35
ICO1258,DA934,PRO1041,PLAT2,CAT9,TR0,20500000,0.2,3000000,350000000,37
ICO1259,DA972,PRO1081,PLAT2,CAT9,TR0,1600000,0.02,,2000000000,4
ICO1260,DA1178,PRO1304,PLAT2,CAT9,TR0,1000000,0.09,1000000,500000000,54
ICO1261,DA256,PRO306,PLAT3,CAT9,TR0,3250000,0.25,250000,100000000,
ICO1262,DA569,PRO663,PLAT4,CAT9,TR0,4860000,0.05,211250,845000000,19.5
ICO1263,DA1127,PRO1249,PLAT4,CAT9,TR0,800000,0.35,640000,100000000,
ICO1264,DA741,PRO840,PLAT1,CAT13,TR0,2500000,0.05,2500000,1000000000,18
ICO1265,DA922,PRO1029,PLAT18,CAT13,TR0,22050000,0.05,,1500000000,60
ICO1266,DA755,PRO854,PLAT1,CAT6,TR0,2240000,0,1468750,6000000000,81.3
ICO1267,DA1051,PRO1170,PLAT1,CAT6,TR0,2000000,0.02,2000000,1000000000,10
ICO1268,DA20,PRO21,PLAT2,CAT6,TR0,,,,40000000,
ICO1269,DA76,PRO94,PLAT2,CAT6,TR0,2400000,,,250000000,15
ICO1270,DA126,PRO159,PLAT2,CAT6,TR0,4410000,0.98,4410000,300000000,25
ICO1271,DA298,PRO353,PLAT2,CAT6,TR0,3750000,0.08,750000,500000000,10
ICO1272,DA498,PRO588,PLAT2,CAT6,TR0,1000000,0.01,999480,1000000000,
ICO1273,DA558,PRO652,PLAT2,CAT6,TR0,23000000,,,1000000000,
ICO1274,DA712,PRO811,PLAT2,CAT6,TR0,6600000,0.12,800000,350000000,13.1
ICO1275,DA784,PRO883,PLAT2,CAT6,TR0,300000000,100,,500000000,60
ICO1276,DA886,PRO993,PLAT2,CAT6,TR0,5130000,,,1000000000,43.43
ICO1277,DA893,PRO1000,PLAT2,CAT6,TR0,18000000,,,400000000,65
ICO1278,DA926,PRO1033,PLAT2,CAT6,TR0,13670000,,,10000000000,9
ICO1279,DA930,PRO1037,PLAT2,CAT6,TR0,11250000,,,10000000000,30
ICO1280,DA971,PRO1080,PLAT2,CAT6,TR0,83000000,0.5,80000000,1000000000,30
ICO1281,DA988,PRO1102,PLAT2,CAT6,TR0,1000000000,1,,1000000000,100
ICO1282,DA999,PRO1113,PLAT2,CAT6,TR0,6500000,0.01,,,11.8
ICO1283,DA1030,PRO1148,PLAT2,CAT6,TR0,660000,0.01,,2000000000,10
ICO1284,DA1036,PRO1154,PLAT2,CAT6,TR0,5470000,0.31,1400000,186000000,16.1
ICO1285,DA1048,PRO1167,PLAT2,CAT6,TR0,12400000,0.01,4000000,10000000000,
ICO1286,DA1049,PRO1168,PLAT2,CAT6,TR0,5500000,0.15,,530000000,20
ICO1287,DA1056,PRO1175,PLAT2,CAT6,TR0,240000,0.08,240000,100000000,3
ICO1288,DA1080,PRO1200,PLAT2,CAT6,TR0,9250000,0.5,,50000000,
ICO1289,DA1086,PRO1206,PLAT2,CAT6,TR0,660000,0.11,660000,10000000000,
ICO1290,DA1088,PRO1208,PLAT2,CAT6,TR0,1000000,0.02,1000000,2500000000,
ICO1291,DA1116,PRO1237,PLAT2,CAT6,TR0,4700000,0.2,,,
ICO1292,DA1119,PRO1241,PLAT2,CAT6,TR0,210000,0.01,205000,,
ICO1293,DA1133,PRO1255,PLAT2,CAT6,TR0,43600000,0.4,3600000,100000000,9
ICO1294,DA1175,PRO1301,PLAT2,CAT6,TR0,200000,90,198000,,
ICO1295,DA1191,PRO1318,PLAT2,CAT6,TR0,26000000,0.3,2100000,1000000000,
ICO1296,DA1195,PRO1322,PLAT2,CAT6,TR0,,,,1000000000,
ICO1297,DA209,PRO253,PLAT2,CAT6,TR1,12000000,0.5,9000000,1000000000,
ICO1298,DA343,PRO406,PLAT2,CAT6,TR1,5400000,0.4,400000,100000000,
ICO1299,DA588,PRO683,PLAT4,CAT6,TR0,,,,100000000,
ICO1300,DA759,PRO858,PLAT4,CAT6,TR0,3750000,0.01,750000,10000000000,10.5
ICO1301,DA765,PRO864,PLAT4,CAT6,TR0,8700000,,,100000000,
ICO1302,DA932,PRO1039,PLAT4,CAT6,TR0,27000000,,,2400000000,17
ICO1303,DA960,PRO1067,PLAT4,CAT6,TR0,9000000,,9000000,15000000000,6
ICO1304,DA660,PRO758,PLAT13,CAT6,TR0,5300000,0.04,2800000,1000000000,17
ICO1305,DA808,PRO909,PLAT16,CAT6,TR0,8700000,0.02,,1000000000,68
ICO1306,DA912,PRO1019,PLAT16,CAT6,TR2,21820000,1,25000000,50000000,50
ICO1307,DA939,PRO1046,PLAT21,CAT6,TR0,3130000,,4000000,,
ICO1308,DA769,PRO868,PLAT1,CAT12,TR0,4160000,0.06,660000,500000000,26.6
ICO1309,DA1224,PRO1354,PLAT1,CAT12,TR0,4160000,0.06,859000,500000000,26.6
ICO1310,DA805,PRO905,PLAT2,CAT12,TR0,11740000,0.11,,500000000,45
ICO1311,DA843,PRO945,PLAT2,CAT12,TR0,16470000,,,1500000000,26
ICO1312,DA911,PRO1018,PLAT2,CAT12,TR0,19150000,0.01,,12491500000,50
ICO1313,DA1006,PRO1122,PLAT2,CAT12,TR0,9710000,0,,31415926535,31.5
ICO1314,DA1083,PRO1203,PLAT15,CAT12,TR0,60000,0.05,500000,100000000,10
ICO1315,DA820,PRO921,PLAT16,CAT12,TR0,1090000,,,100000000,50
ICO1316,DA1177,PRO1303,PLAT1,CAT11,TR0,,,,,
ICO1317,DA865,PRO970,PLAT2,CAT11,TR0,30000000,1,,129498559,30
ICO1318,DA936,PRO1043,PLAT2,CAT11,TR0,9260000,,,10000000000,30
ICO1319,DA1035,PRO1153,PLAT2,CAT11,TR0,13000000,0.02,1000000,2000000000,35
ICO1320,DA1040,PRO1158,PLAT2,CAT11,TR0,1500000,0,1500000,10000000000,7.5
ICO1321,DA1040,PRO1159,PLAT2,CAT17,TR0,5000000,0.01,2000000,10000000000,10
ICO1322,DA303,PRO359,PLAT2,CAT10,TR0,37700000,0.02,504000,,
ICO1323,DA872,PRO977,PLAT2,CAT10,TR0,8700000,0.73,,66000000,20.6
ICO1324,DA877,PRO983,PLAT2,CAT10,TR0,10430000,,,400000000,55.4
ICO1325,DA887,PRO994,PLAT2,CAT10,TR0,3540000,,,225000000,48
ICO1326,DA896,PRO1003,PLAT2,CAT10,TR0,16000000,0.05,,1000000000,40
ICO1327,DA906,PRO1013,PLAT2,CAT10,TR0,20510000,0,,1E+11,22
ICO1328,DA917,PRO1024,PLAT2,CAT10,TR0,15080000,0.01,5000000,10000000000,30
ICO1329,DA951,PRO1058,PLAT2,CAT10,TR0,5100000,0.05,,1000000000,40
ICO1330,DA958,PRO1065,PLAT2,CAT10,TR0,2780000,,6000000,1E+11,20
ICO1331,DA1012,PRO1128,PLAT2,CAT10,TR0,18430000,,,750000000,60
ICO1332,DA941,PRO1048,PLAT22,CAT10,TR0,7200000,0,,9.9E+11,17
ICO1333,DA785,PRO884,PLAT2,CAT14,TR0,29100000,0.08,,750000000,50
ICO1334,DA787,PRO886,PLAT2,CAT15,TR0,16860000,,,1000000000,65
ICO1335,DA839,PRO941,PLAT2,CAT15,TR0,35000000,,,3000000000,33
ICO1336,DA895,PRO1002,PLAT2,CAT15,TR0,12000000,0.5,,1000000000,24
ICO1337,DA907,PRO1014,PLAT2,CAT15,TR0,20250000,0.05,,1000000000,60
ICO1338,DA918,PRO1025,PLAT2,CAT15,TR0,15800000,0.11,,300000000,80
ICO1339,DA991,PRO1105,PLAT23,CAT15,TR0,6840000,0.01,,6000000000,15
ICO1340,DA792,PRO891,PLAT2,CAT17,TR0,25000000,0.4,,220000000,28.4
ICO1341,DA806,PRO906,PLAT2,CAT17,TR0,17490000,,,450000000,30
ICO1342,DA807,PRO907,PLAT2,CAT17,TR0,32700000,,,1500000000,30
ICO1343,DA809,PRO910,PLAT2,CAT17,TR0,8460000,,,50000000,80
ICO1344,DA815,PRO916,PLAT2,CAT17,TR0,18120000,0.07,,1500000000,50
ICO1345,DA823,PRO924,PLAT2,CAT17,TR0,26030000,,,200000000,53
ICO1346,DA866,PRO971,PLAT2,CAT17,TR0,6720000,,,2000000000,64
ICO1347,DA989,PRO1103,PLAT17,CAT17,TR0,2160000,,,10000000000,40
ICO1348,DA924,PRO1031,PLAT19,CAT17,TR0,30000000,0.01,,10000000000,40
ICO1349,DA797,PRO896,PLAT2,CAT18,TR0,27500000,,,400000000,70
ICO1350,DA810,PRO911,PLAT2,CAT16,TR0,10730000,0.07,,1000000000,50
ICO1351,DA812,PRO913,PLAT2,CAT16,TR0,25930000,,,,70
ICO1352,DA819,PRO920,PLAT2,CAT16,TR0,28610000,,,1000000000,40.8
ICO1353,DA885,PRO992,PLAT2,CAT16,TR0,12480000,,,1000000000,40
ICO1354,DA915,PRO1022,PLAT2,CAT16,TR0,10490000,,,2000000000,52.5
ICO1355,DA1003,PRO1118,PLAT2,CAT16,TR0,570000,0.08,,150000000,50
ICO1356,DA1146,PRO1269,PLAT2,CAT16,TR0,,,,100000000,
ICO1357,DA903,PRO1010,PLAT2,CAT16,TR2,13050000,0.2,,450000000,40.4
ICO1358,DA788,PRO887,PLAT16,CAT16,TR0,25000000,0.05,,1000000000,50
ICO1359,DA884,PRO991,PLAT2,CAT20,TR0,7000000,0.12,,1000000000,23
ICO1360,DA965,PRO1073,PLAT4,CAT21,TR0,15480000,0.01,1000000,,20
ICO1361,DA1052,PRO1171,PLAT26,CAT21,TR0,3710000,0.01,2000000,2000000000,
ICO1362,DA1170,PRO1296,PLAT3,CAT22,TR0,300000,0.15,300000,10000000000,5
